Url,WasDetected,CMSName,CMSVersion,LanguageName,LanguageVersion,JSLibName,JSLibVersion
Www.gob.mx,FALSE,,,,,,
bbvanet.com.mx,TRUE,,,,,,
banorte.com,TRUE,,,Java,,JQuery,1.11.1
banamex.com.mx,TRUE,,,,,,
edu.mx,TRUE,,,,,,
segundamano.mx,TRUE,,,,,,
andrea.com,TRUE,Magento,,,,JQuery,
unam.mx,TRUE,Drupal,,PHP,,JQuery,1.8.3
eluniversal.com.mx,TRUE,Drupal,7.37,PHP,5.3.29,JQuery,
occ.com.mx,TRUE,,,,,,
volaris.com,TRUE,,,ASP.NET,4.0.30319,JQuery,
inegi.org.mx,TRUE,,,ASP.NET,2.0.50727,JQuery,1.11.1
infonavit.org.mx,TRUE,,,Java,,,
Segundamano.mx,FALSE,,,,,,
telmex.com,TRUE,Liferay,,Java,,,
itesm.mx,TRUE,,,Java,,JQuery,1.7.1
pemex.com,TRUE,SharePoint,,ASP.NET,2.0.50727,JQuery,
excelsior.com.mx,TRUE,Drupal,,PHP,,JQuery,1.1
liverpool.com.mx,TRUE,ATG Web Commerce,,Java,,JQuery,1.7.1
nextel.com.mx,TRUE,Adobe Experience Manager,,Java,,,
clarovideo.com,TRUE,,,,,,
qualitas.com.mx,TRUE,Liferay,6.1.0,,,,
colnect.com,TRUE,,,,,,
udg.mx,TRUE,Drupal,7.37,PHP,5.4.25,,
cklass.com,TRUE,,,,,JQuery,1.8.3
Santander.com.mx,FALSE,,,,,,
net.mx,TRUE,,,,,,
santander.com.mx,TRUE,,,,,,
bb.com.mx,TRUE,Joomla,,,,JQuery,1.6
ipn.mx,TRUE,SharePoint,,,,JQuery,1.6.1
interjet.com.mx,TRUE,,,ASP.NET,2.0.50727,JQuery,
inbursa.com,TRUE,,,,,JQuery,
milenio.com,TRUE,,,,,JQuery,1.8.3
nafin.com,TRUE,,,Java,,,
almex.com.mx,TRUE,DotNetNuke,,ASP.NET,4.0.30319,JQuery,
contactognp.com.mx,TRUE,,,,,,
cibanco.com,TRUE,,,Java,N/A,,
avisosdeocasion.com,TRUE,,,ASP.NET,,,
Axa.mx,FALSE,,,,,,
unadmexico.mx,TRUE,Joomla,,PHP,5.5.22,JQuery,
banamex.com,TRUE,,,Java,,,
elnorte.com,TRUE,,,ASP.NET,,,
oem.com.mx,TRUE,,,ASP.NET,,,
Banorte.com,FALSE,,,,,,
coppel.com,TRUE,,,PHP,,JQuery,
bestday.com.mx,TRUE,,,ASP.NET,4.0.30319,,
unid.mx,TRUE,,,,,,
Ine.mx,FALSE,,,,,,
tecmilenio.mx,TRUE,WordPress,,PHP,,JQuery,
Universidaduvm.mx,FALSE,,,,,,
fovissste.com.mx,TRUE,,,,,,
record.com.mx,TRUE,,,,,,
officedepot.com.mx,TRUE,,,,,JQuery,1.7.2
mediotiempo.com,TRUE,,,PHP,,,
cinepolis.com,TRUE,,,ASP.NET,,JQuery,
uaemex.mx,TRUE,,,,,JQuery,
elfinanciero.com.mx,TRUE,,,,,JQuery,1.8.3
Diverza.com,FALSE,,,,,,
ine.mx,TRUE,Open Text,,,,JQuery,1.9.1
casaley.com.mx,TRUE,Joomla,,PHP,5.4.42,JQuery,1.8.2
movistarpromociones.mx,TRUE,,,,,,
sicofi.com.mx,TRUE,,,,,,
tvnotas.com.mx,TRUE,,,PHP,5.2.10,,
clubpremier.com,TRUE,,,,,JQuery,
Asesordeseguros.com.mx,FALSE,,,,,,
sky.com.mx,TRUE,Drupal,7,PHP,5.3.29,,
elimparcial.com,TRUE,,,ASP.NET,,JQuery,1.11.0
vivaaerobus.com,TRUE,,,ASP.NET,4.0.30319,,
uanl.mx,TRUE,Drupal,6.22,PHP,5.3.8,,
burodecredito.com.mx,TRUE,,,,,,
fel.mx,TRUE,FrontPage,4,,,JQuery,1.7.2
bancoinbursa.com,TRUE,,,ASP.NET,,,
winstondata.com.mx,TRUE,,,,,,
aristeguinoticias.com,TRUE,WordPress,3.5.2,PHP,,,
aldoautopartes.com,TRUE,,,Java,,,
claro.com.co,TRUE,,,,,,
exchangeadministrado.com,TRUE,,,,,,
mapfre.com.mx,TRUE,,,,,JQuery,1.8.3
reforma.com,TRUE,,,ASP.NET,,,
uam.mx,TRUE,,,,,,
vuplus-support.org,TRUE,,,PHP,,,
mitula.mx,TRUE,,,Java,,,
diario.mx,TRUE,,,PHP,5.3.3,,
informador.com.mx,TRUE,,,PHP,5.3.10,JQuery,1.7.2
uv.mx,TRUE,,,ASP.NET,,,
scotiaweb.com.mx,TRUE,,,,,,
elsiglodetorreon.com.mx,TRUE,,,PHP,,,
proceso.com.mx,TRUE,WordPress,4.3.1,PHP,,JQuery,1.7.2
cinemex.com,TRUE,,,PHP 5.5.23,N/A,,
abaseguros.com,TRUE,SharePoint,,ASP.NET,,JQuery,1.4.4
esmas.com,TRUE,,,PHP,,,
costco.com.mx,TRUE,,,Java,,JQuery,1.7.1
masfacturaweb.com.mx,TRUE,,,ASP.NET,4.0.30319,,
prontipagos.mx,TRUE,,,,,,
vw.com.mx,TRUE,Adobe Experience Manager,,Java,,,
imp.mx,TRUE,,,,,,
eluniversalmas.com.mx,FALSE,,,,,,
sears.com.mx,FALSE,,,,,,
estafeta.com,FALSE,,,,,,
emsat.com.mx,FALSE,,,,,,
uson.mx,FALSE,,,,,,
metroscubicos.com,FALSE,,,,,,
timetracker.com.mx,FALSE,,,,,,
afirme.com.mx,FALSE,,,,,,
quien.com,FALSE,,,,,,
jafranet.com.mx,FALSE,,,,,,
conacyt.mx,FALSE,,,,,,
uasnet.mx,FALSE,,,,,,
pricetravel.com.mx,FALSE,,,,,,
dish.com.mx,FALSE,,,,,,
bancoazteca.com.mx,FALSE,,,,,,
hdi.com.mx,FALSE,,,,,,
sbi.com.mx,FALSE,,,,,,
lctpc.com.mx,FALSE,,,,,,
chedraui.com.mx,FALSE,,,,,,
comcel.com.co,FALSE,,,,,,
evaluatest.com,FALSE,,,,,,
notiver.com.mx,FALSE,,,,,,
caaarem.mx,FALSE,,,,,,
uaslp.mx,FALSE,,,,,,
donde.org.mx,FALSE,,,,,,
scotiabank.com.mx,FALSE,,,,,,
megacable.com.mx,FALSE,,,,,,
madisa.com,FALSE,,,,,,
sinembargo.mx,FALSE,,,,,,
buap.mx,FALSE,,,,,,
exel.com.mx,FALSE,,,,,,
ciateq.mx,FALSE,,,,,,
zocalo.com.mx,FALSE,,,,,,
banorte.com.mx,FALSE,,,,,,
taire.mx,FALSE,,,,,,
farmaciasunion.com,FALSE,,,,,,
buholegal.com,FALSE,,,,,,
uno-internacional.com,FALSE,,,,,,
re-direcciona.me,FALSE,,,,,,
am.com.mx,FALSE,,,,,,
nissan.com.mx,FALSE,,,,,,
aserta.com.mx,FALSE,,,,,,
infinitummovil.net,FALSE,,,,,,
carvajaltys.mx,FALSE,,,,,,
transfast.mx,FALSE,,,,,,
solucionfactible.com,FALSE,,,,,,
mi-escuelamx.com,FALSE,,,,,,
facturacfdi.mx,FALSE,,,,,,
ikeasistencia.com,FALSE,,,,,,
eldiariodechihuahua.mx,FALSE,,,,,,
syd.com.mx,FALSE,,,,,,
radioformula.com.mx,FALSE,,,,,,
italika.com.mx,FALSE,,,,,,
quadratin.com.mx,FALSE,,,,,,
uady.mx,FALSE,,,,,,
tiempo.com.mx,FALSE,,,,,,
chevrolet.com.mx,FALSE,,,,,,
aspel.com.mx,FALSE,,,,,,
dcm.com.mx,FALSE,,,,,,
comipems.org.mx,FALSE,,,,,,
compumty.com.mx,FALSE,,,,,,
autogestion.com.mx,FALSE,,,,,,
sanborns.com.mx,FALSE,,,,,,
aeromexico.com.mx,FALSE,,,,,,
prospeccionvw.com,FALSE,,,,,,
crmpro.com.mx,FALSE,,,,,,
adquiramexico.com.mx,FALSE,,,,,,
ado.com.mx,FALSE,,,,,,
catholic.net,FALSE,,,,,,
yucatan.com.mx,FALSE,,,,,,
miiec.com.mx,FALSE,,,,,,
udlap.mx,FALSE,,,,,,
clickonero.com.mx,FALSE,,,,,,
idmexico.com.mx,FALSE,,,,,,
eleconomista.com.mx,FALSE,,,,,,
asesordeseguros.com.mx,FALSE,,,,,,
interjet.com,FALSE,,,,,,
tralcom.com,FALSE,,,,,,
paquetexpress.com.mx,FALSE,,,,,,
cfdi.com.mx,FALSE,,,,,,
upn.mx,FALSE,,,,,,
elpalaciodehierro.com,FALSE,,,,,,
marthadebayle.com,FALSE,,,,,,
famsa.com,FALSE,,,,,,
endtoend.com.mx,FALSE,,,,,,
cibergestion.com,FALSE,,,,,,
redalyc.org,FALSE,,,,,,
vanguardia.com.mx,FALSE,,,,,,
intertours.com.mx,FALSE,,,,,,
noroeste.com.mx,FALSE,,,,,,
grupo-iai.com.mx,FALSE,,,,,,
unitec.mx,FALSE,,,,,,
intermediamexico.com,FALSE,,,,,,
enlacebg.com,FALSE,,,,,,
autocosmos.com.mx,FALSE,,,,,,
soloautos.mx,FALSE,,,,,,
poresto.net,FALSE,,,,,,
truper.com.mx,FALSE,,,,,,
medicamentos.com.mx,FALSE,,,,,,
mexcam.mx,FALSE,,,,,,
agenciareforma.com,FALSE,,,,,,
honda.mx,FALSE,,,,,,
cnogfac.com.mx,FALSE,,,,,,
seminuevossonora.com,FALSE,,,,,,
vogue.mx,FALSE,,,,,,
dito.com.mx,FALSE,,,,,,
cashpresto.com,FALSE,,,,,,
cineticket.com.mx,FALSE,,,,,,
montenegroeditores.com.mx,FALSE,,,,,,
generaldesalud.com.mx,FALSE,,,,,,
cancha.com,FALSE,,,,,,
eltrece.mx,FALSE,,,,,,
medicamentosplm.com,FALSE,,,,,,
aula24horas.com,FALSE,,,,,,
grupocva.com,FALSE,,,,,,
vw-concesionarios.com.mx,FALSE,,,,,,
steren.com.mx,FALSE,,,,,,
dishmovil.com.mx,FALSE,,,,,,
jafradistribucion.com.mx,FALSE,,,,,,
oxxo.com,FALSE,,,,,,
cdhdf.org.mx,FALSE,,,,,,
banxico.org.mx,FALSE,,,,,,
bind.com.mx,FALSE,,,,,,
tymi.com,FALSE,,,,,,
contpaqi.com,FALSE,,,,,,
buzone.com.mx,FALSE,,,,,,
iteso.mx,FALSE,,,,,,
noticiasnet.mx,FALSE,,,,,,
dineroenimagen.com,FALSE,,,,,,
banregio.com,FALSE,,,,,,
gandhi.com.mx,FALSE,,,,,,
arq.com.mx,FALSE,,,,,,
elmanana.com.mx,FALSE,,,,,,
sportsworld.com.mx,FALSE,,,,,,
quiminet.com,FALSE,,,,,,
estrellaroja.com.mx,FALSE,,,,,,
telmex.com.mx,FALSE,,,,,,
truckanet.com,FALSE,,,,,,
aaadam.com.mx,FALSE,,,,,,
zonaturistica.com,FALSE,,,,,,
homeinteriors.com.mx,FALSE,,,,,,
factorumweb.com,FALSE,,,,,,
citibank.com.mx,FALSE,,,,,,
fantasiasmiguel.com,FALSE,,,,,,
emociondeportiva.com,FALSE,,,,,,
vanityfair.mx,FALSE,,,,,,
honda-fuerzacomercial.mx,FALSE,,,,,,
tecvirtual.mx,FALSE,,,,,,
uia.mx,FALSE,,,,,,
gabssa.net,FALSE,,,,,,
seccionamarilla.com,FALSE,,,,,,
izzi.mx,FALSE,,,,,,
cnnexpansion.com,FALSE,,,,,,
sacce.com.mx,FALSE,,,,,,
redpack.com.mx,FALSE,,,,,,
sesweb.mx,FALSE,,,,,,
siser.com.mx,FALSE,,,,,,
sistemamim.com,FALSE,,,,,,
smartlearning.com.mx,FALSE,,,,,,
iusacell.com.mx,FALSE,,,,,,
pulsoslp.com.mx,FALSE,,,,,,
dominos.com.mx,FALSE,,,,,,
grupoado.com.mx,FALSE,,,,,,
softtek.com,FALSE,,,,,,
uadec.mx,FALSE,,,,,,
egbs1.com.mx,FALSE,,,,,,
ctonline.mx,FALSE,,,,,,
royal-holiday.com,FALSE,,,,,,
glamour.mx,FALSE,,,,,,
ahmsa.com,FALSE,,,,,,
espaciobanorte.com,FALSE,,,,,,
noticiasmvs.com,FALSE,,,,,,
uaa.mx,FALSE,,,,,,
santillanacompartir.com.mx,FALSE,,,,,,
hidrosina.com.mx,FALSE,,,,,,
donboleton.com,FALSE,,,,,,
ebanregio.com,FALSE,,,,,,
umich.mx,FALSE,,,,,,
officemax.com.mx,FALSE,,,,,,
mixup.com.mx,FALSE,,,,,,
egbs2.com.mx,FALSE,,,,,,
avisooportuno.mx,FALSE,,,,,,
de10.com.mx,FALSE,,,,,,
solucionlinemonterrey.mx,FALSE,,,,,,
uaq.mx,FALSE,,,,,,
tucfdi.mx,FALSE,,,,,,
inventario.com.mx,FALSE,,,,,,
el-mexicano.com.mx,FALSE,,,,,,
bancaempresarialazteca.com.mx,FALSE,,,,,,
publimetro.com.mx,FALSE,,,,,,
we-know.net,FALSE,,,,,,
bancoppel.com,FALSE,,,,,,
centrodedesarrollodigital.com,FALSE,,,,,,
sanluishoy.com.mx,FALSE,,,,,,
hostedexchange.mx,FALSE,,,,,,
weba20.com,FALSE,,,,,,
athenea.com.mx,FALSE,,,,,,
volaris.mx,FALSE,,,,,,
academiccontrol.mx,FALSE,,,,,,
dico.com.mx,FALSE,,,,,,
cablemas.com.mx,FALSE,,,,,,
marti.mx,FALSE,,,,,,
siseph.com,FALSE,,,,,,
expreso.press,FALSE,,,,,,
eglobal.com.mx,FALSE,,,,,,
etn.com.mx,FALSE,,,,,,
ujat.mx,FALSE,,,,,,
morsa.com.mx,FALSE,,,,,,
wradio.com.mx,FALSE,,,,,,
cablemas.com,FALSE,,,,,,
colpos.mx,FALSE,,,,,,
myallianz.com.mx,FALSE,,,,,,
galeno.info,FALSE,,,,,,
factupronto.mx,FALSE,,,,,,
uag.mx,FALSE,,,,,,
wms.mx,FALSE,,,,,,
sel-setec.com.mx,FALSE,,,,,,
zurich.mx,FALSE,,,,,,
uacj.mx,FALSE,,,,,,
ihct.mx,FALSE,,,,,,
flipmeme.com,FALSE,,,,,,
ieem.org.mx,FALSE,,,,,,
cofidi.com.mx,FALSE,,,,,,
mexicodesconocido.com.mx,FALSE,,,,,,
caliente.com.mx,FALSE,,,,,,
appfacturainteligente.com,FALSE,,,,,,
asdeporte.com,FALSE,,,,,,
configuratuvw.mx,FALSE,,,,,,
suraevolucion.com.mx,FALSE,,,,,,
vivetelmex.com,FALSE,,,,,,
ods.com.mx,FALSE,,,,,,
exla.mx,FALSE,,,,,,
smcmx.com.mx,FALSE,,,,,,
lineadirectaportal.com,FALSE,,,,,,
info7.mx,FALSE,,,,,,
consisa.com.mx,FALSE,,,,,,
corpogas.com.mx,FALSE,,,,,,
multiasis.com.mx,FALSE,,,,,,
priceshoes.com,FALSE,,,,,,
aztecanoticias.com.mx,FALSE,,,,,,
autoclasico.com.mx,FALSE,,,,,,
b2bservicios.com,FALSE,,,,,,
gruposalinas.com.mx,FALSE,,,,,,
infodiamex.com.mx,FALSE,,,,,,
ift.org.mx,FALSE,,,,,,
ugto.mx,FALSE,,,,,,
azteca.com,FALSE,,,,,,
anclo.com.mx,FALSE,,,,,,
uaem.mx,FALSE,,,,,,
onecardservicios.mx,FALSE,,,,,,
urrea.com,FALSE,,,,,,
ugrj.org.mx,FALSE,,,,,,
lacomer.com.mx,FALSE,,,,,,
uach.mx,FALSE,,,,,,
yamaha-motor.com.mx,FALSE,,,,,,
upaep.mx,FALSE,,,,,,
armstrongweb.com.mx,FALSE,,,,,,
elektra.com.mx,FALSE,,,,,,
gm.com.mx,FALSE,,,,,,
mysuitecfdi.com,FALSE,,,,,,
animextremist.com,FALSE,,,,,,
nafin.com.mx,FALSE,,,,,,
ifai.org.mx,FALSE,,,,,,
medigraphic.com,FALSE,,,,,,
comexnet.com.mx,FALSE,,,,,,
cemex.com,FALSE,,,,,,
iberopuebla.mx,FALSE,,,,,,
superboletos.com,FALSE,,,,,,
urreanet.com,FALSE,,,,,,
servillantas.com,FALSE,,,,,,
kiwilimon.com,FALSE,,,,,,
audi.com.mx,FALSE,,,,,,
gmodelo.com.mx,FALSE,,,,,,
sistemauno.com,FALSE,,,,,,
gnp.com.mx,FALSE,,,,,,
casasyterrenos.com,FALSE,,,,,,
royalsun.com.mx,FALSE,,,,,,
frontera.info,FALSE,,,,,,
efectivale.com.mx,FALSE,,,,,,
insoft.com.mx,FALSE,,,,,,
conectorfiscal.mx,FALSE,,,,,,
mastransporte.com.mx,FALSE,,,,,,
pacoelchato.com,FALSE,,,,,,
credinissan.com.mx,FALSE,,,,,,
e7-eleven.com.mx,FALSE,,,,,,
televisa.net,FALSE,,,,,,
uabc.mx,FALSE,,,,,,
apymsa.com.mx,FALSE,,,,,,
condumex.com.mx,FALSE,,,,,,
eluniversaledomex.mx,FALSE,,,,,,
vianney.com.mx,FALSE,,,,,,
e-facturate.com,FALSE,,,,,,
priceshoes.com.mx,FALSE,,,,,,
uagro.mx,FALSE,,,,,,
xxi-banorte.com,FALSE,,,,,,
swissjustargentina.com,FALSE,,,,,,
viooz.mx,FALSE,,,,,,
volaris.com.mx,FALSE,,,,,,
4anim.com,FALSE,,,,,,
inintech.com.mx,FALSE,,,,,,
chilango.com,FALSE,,,,,,
c-axis.com.mx,FALSE,,,,,,
mexicoxxx.org,FALSE,,,,,,
idconline.com.mx,FALSE,,,,,,
lectoresenred.com.mx,FALSE,,,,,,
izito.mx,FALSE,,,,,,
contabilizate.com,FALSE,,,,,,
hellohelp.org,FALSE,,,,,,
telediario.mx,FALSE,,,,,,
facturador.com,FALSE,,,,,,
siniiga.org.mx,FALSE,,,,,,
pulsoslp.mx,FALSE,,,,,,
psicoweb.mx,FALSE,,,,,,
cateltpv.com,FALSE,,,,,,
grupobimbo.com,FALSE,,,,,,
laminamex.com.mx,FALSE,,,,,,
redvitamedica.com.mx,FALSE,,,,,,
pchmayoreo.com,FALSE,,,,,,
vendebien.mx,FALSE,,,,,,
lopeztamayoconsultores.com.mx,FALSE,,,,,,
autosenreynosa.com,FALSE,,,,,,
oxxogas.com,FALSE,,,,,,
primeraplus.com.mx,FALSE,,,,,,
sistemavalladolid.com,FALSE,,,,,,
hackstore.net,FALSE,,,,,,
elmonitorparral.com,FALSE,,,,,,
appia.com.mx,FALSE,,,,,,
elsoldenayarit.mx,FALSE,,,,,,
valorreal.com.mx,FALSE,,,,,,
e-sar.com.mx,FALSE,,,,,,
mexicolegal.com.mx,FALSE,,,,,,
elpotosi.com.mx,FALSE,,,,,,
guiaroji.com.mx,FALSE,,,,,,
sony.com.mx,FALSE,,,,,,
mural.com,FALSE,,,,,,
manpower.com.mx,FALSE,,,,,,
youtubetomp3.com.mx,FALSE,,,,,,
itson.mx,FALSE,,,,,,
sistematelcel.net,FALSE,,,,,,
ruv.org.mx,FALSE,,,,,,
axtelofertas.com.mx,FALSE,,,,,,
covace.com.mx,FALSE,,,,,,
e-traspasar.com.mx,FALSE,,,,,,
infinitummail.com,FALSE,,,,,,
hm.org.mx,FALSE,,,,,,
terrabancomer.com,FALSE,,,,,,
kichink.com,FALSE,,,,,,
marke.com.mx,FALSE,,,,,,
axtel.mx,FALSE,,,,,,
oda.mx,FALSE,,,,,,
syscom.mx,FALSE,,,,,,
adidas.mx,FALSE,,,,,,
entucine.com,FALSE,,,,,,
nrfinancemexico.com.mx,FALSE,,,,,,
pensionesbanorte.com,FALSE,,,,,,
penoles.mx,FALSE,,,,,,
aeroflashonline.com.mx,FALSE,,,,,,
xepl.com.mx,FALSE,,,,,,
alsea.com.mx,FALSE,,,,,,
castelec.mx,FALSE,,,,,,
multimarcabien.com.mx,FALSE,,,,,,
ucol.mx,FALSE,,,,,,
compac.com.mx,FALSE,,,,,,
piasa.com.mx,FALSE,,,,,,
isladelcarmen.com,FALSE,,,,,,
univa.mx,FALSE,,,,,,
recompensatotalbanorte.com,FALSE,,,,,,
itam.mx,FALSE,,,,,,
dasi.com.mx,FALSE,,,,,,
magnicharters.com,FALSE,,,,,,
globalcredit.com.mx,FALSE,,,,,,
compusoluciones.com,FALSE,,,,,,
facturafacilmente.com,FALSE,,,,,,
ubicalo.com.mx,FALSE,,,,,,
ensenada.net,FALSE,,,,,,
forbes.com.mx,FALSE,,,,,,
caliente.mx,FALSE,,,,,,
anahuac.mx,FALSE,,,,,,
laverduleria.com.mx,FALSE,,,,,,
palaceresorts.com,FALSE,,,,,,
terapia-cognitiva.mx,FALSE,,,,,,
conevyt.org.mx,FALSE,,,,,,
circulodecredito.com.mx,FALSE,,,,,,
15a20.com.mx,FALSE,,,,,,
lcred.net,FALSE,,,,,,
sorteosdeltrebol.mx,FALSE,,,,,,
cosmos.com.mx,FALSE,,,,,,
sipse.com,FALSE,,,,,,
mimorelia.com,FALSE,,,,,,
tarjetapetro-7.com.mx,FALSE,,,,,,
juanfutbol.com,FALSE,,,,,,
recargabien.com.mx,FALSE,,,,,,
cineticket-la.com,FALSE,,,,,,
viveusa.mx,FALSE,,,,,,
paguito.com,FALSE,,,,,,
rhc.com.mx,FALSE,,,,,,
creditoreal.com.mx,FALSE,,,,,,
elviernesnocuesta.com,FALSE,,,,,,
farmaciasdesimilares.com.mx,FALSE,,,,,,
mapfre-ram.com.mx,FALSE,,,,,,
scielo.org.mx,FALSE,,,,,,
fuller.com.mx,FALSE,,,,,,
ensechvirtual.com.mx,FALSE,,,,,,
sancadilla.net,FALSE,,,,,,
exceltotal.com,FALSE,,,,,,
futboltotal.com.mx,FALSE,,,,,,
conapred.org.mx,FALSE,,,,,,
cablevision.com.mx,FALSE,,,,,,
sellsgood.com,FALSE,,,,,,
modaclub.com.mx,FALSE,,,,,,
banorte-generali.com,FALSE,,,,,,
cronica.com.mx,FALSE,,,,,,
medixclick.com.mx,FALSE,,,,,,
enviaflores.com,FALSE,,,,,,
tuenlinea.com,FALSE,,,,,,
zeleb.mx,FALSE,,,,,,
cca.org.mx,FALSE,,,,,,
peugeot.com.mx,FALSE,,,,,,
miclaro.com.co,FALSE,,,,,,
ilusion.com.mx,FALSE,,,,,,
gcc.com,FALSE,,,,,,
ghia.com.mx,FALSE,,,,,,
redpolitica.mx,FALSE,,,,,,
ingeniat.com,FALSE,,,,,,
razon.com.mx,FALSE,,,,,,
hotelrodavento.com,FALSE,,,,,,
toyota.com.mx,FALSE,,,,,,
soltrack.us,FALSE,,,,,,
laeuropea.com.mx,FALSE,,,,,,
swissjustmexico.com,FALSE,,,,,,
seminuevos.com,FALSE,,,,,,
gruporeforma.com,FALSE,,,,,,
eluniversaldf.mx,FALSE,,,,,,
pisa.com.mx,FALSE,,,,,,
entutele.com,FALSE,,,,,,
principal.com.mx,FALSE,,,,,,
dpqhidalgo.com.mx,FALSE,,,,,,
monitoreo-conagua2012.com.mx,FALSE,,,,,,
foro-elite.com,FALSE,,,,,,
conectadigital-sm.com.mx,FALSE,,,,,,
laparadadigital.com,FALSE,,,,,,
prd.org.mx,FALSE,,,,,,
pinfrafacturacion.com.mx,FALSE,,,,,,
elvigia.net,FALSE,,,,,,
dondeir.com,FALSE,,,,,,
guiadinmuebles.com,FALSE,,,,,,
aganar.com.mx,FALSE,,,,,,
comex.com.mx,FALSE,,,,,,
planoinformativo.com,FALSE,,,,,,
emidamex.net,FALSE,,,,,,
atl.org.mx,FALSE,,,,,,
ferriz.com.mx,FALSE,,,,,,
chapingo.mx,FALSE,,,,,,
elfcosmeticos.mx,FALSE,,,,,,
fanasaclientes.com,FALSE,,,,,,
ibero.mx,FALSE,,,,,,
juegoskizi.com,FALSE,,,,,,
clasificadoscontacto.com,FALSE,,,,,,
muyinteresante.com.mx,FALSE,,,,,,
vendebien.com,FALSE,,,,,,
ligamx.net,FALSE,,,,,,
televia.mx,FALSE,,,,,,
visitmexico.com,FALSE,,,,,,
xvolutionlearning.mx,FALSE,,,,,,
upmx.mx,FALSE,,,,,,
eldiariodecoahuila.com.mx,FALSE,,,,,,
vestirmonsterhigh.com,FALSE,,,,,,
notisistema.com,FALSE,,,,,,
todopuebla.com,FALSE,,,,,,
redzer.tv,FALSE,,,,,,
suzuki.com.mx,FALSE,,,,,,
cityclub.com.mx,FALSE,,,,,,
aulaescolar.net,FALSE,,,,,,
mejoratuescuela.org,FALSE,,,,,,
anforanet.com.mx,FALSE,,,,,,
posadas.com,FALSE,,,,,,
elpinerodelacuenca.com.mx,FALSE,,,,,,
clase.in,FALSE,,,,,,
ekomercio.com,FALSE,,,,,,
snte.org.mx,FALSE,,,,,,
valsamexico.com,FALSE,,,,,,
radec.com.mx,FALSE,,,,,,
e-arca.com.mx,FALSE,,,,,,
provecomer.com.mx,FALSE,,,,,,
mundoterra.us,FALSE,,,,,,
ecofactura.net,FALSE,,,,,,
chopo.com.mx,FALSE,,,,,,
cndh.org.mx,FALSE,,,,,,
unacar.mx,FALSE,,,,,,
puertomazatlan.com.mx,FALSE,,,,,,
24-horas.mx,FALSE,,,,,,
cadeco.com.mx,FALSE,,,,,,
tresguerras.com.mx,FALSE,,,,,,
cinepolisusa.com,FALSE,,,,,,
laopcion.com.mx,FALSE,,,,,,
cubica.com.mx,FALSE,,,,,,
xlstore.com.mx,FALSE,,,,,,
tractoresdelnorte.com.mx,FALSE,,,,,,
axa.mx,FALSE,,,,,,
mifel.com.mx,FALSE,,,,,,
ftr.com.mx,FALSE,,,,,,
altonivel.com.mx,FALSE,,,,,,
civilcad.com.mx,FALSE,,,,,,
copiloto.com.mx,FALSE,,,,,,
grupodalimo.com.mx,FALSE,,,,,,
ensenadahoy.com,FALSE,,,,,,
mimediamanzana.mx,FALSE,,,,,,
cuartopoder.mx,FALSE,,,,,,
christusmuguerza.com.mx,FALSE,,,,,,
1rofianzas.com,FALSE,,,,,,
koblenz.com.mx,FALSE,,,,,,
grep.mx,FALSE,,,,,,
reserbus.mx,FALSE,,,,,,
nayaritenlinea.mx,FALSE,,,,,,
vector.com.mx,FALSE,,,,,,
imagenzac.com.mx,FALSE,,,,,,
ingreso-ems-ags.mx,FALSE,,,,,,
tucuentacya.com,FALSE,,,,,,
pri.org.mx,FALSE,,,,,,
monex.com.mx,FALSE,,,,,,
eluni.mx,FALSE,,,,,,
odm.com.mx,FALSE,,,,,,
radiza.com.mx,FALSE,,,,,,
ringmedia.mx,FALSE,,,,,,
fractanet.com.mx,FALSE,,,,,,
mediaccess.com.mx,FALSE,,,,,,
abitat.com.mx,FALSE,,,,,,
inova.com.mx,FALSE,,,,,,
heb.com.mx,FALSE,,,,,,
dmovil.com.mx,FALSE,,,,,,
infomex.org.mx,FALSE,,,,,,
mercedes-benz.com.mx,FALSE,,,,,,
e-consulta.com,FALSE,,,,,,
suramexico.com,FALSE,,,,,,
telnor.com,FALSE,,,,,,
expedienteroto.com.mx,FALSE,,,,,,
zermat.com.mx,FALSE,,,,,,
selecciones.com,FALSE,,,,,,
laurag.tv,FALSE,,,,,,
unlimitedawards.com.mx,FALSE,,,,,,
cellgps-gmach.com,FALSE,,,,,,
porrua.mx,FALSE,,,,,,
estrellablanca.com.mx,FALSE,,,,,,
quicklearning.com.mx,FALSE,,,,,,
comercialmexicana.com.mx,FALSE,,,,,,
tvc.mx,FALSE,,,,,,
segurosinbursa.com.mx,FALSE,,,,,,
plantadavida.com.mx,FALSE,,,,,,
easysmart.com.mx,FALSE,,,,,,
lacasadelascomputadoras.com.mx,FALSE,,,,,,
fep.com.mx,FALSE,,,,,,
lecturainteligente.com.mx,FALSE,,,,,,
lainitas.com.mx,FALSE,,,,,,
expreso.com.mx,FALSE,,,,,,
profuturo.mx,FALSE,,,,,,
eurocompo.com.mx,FALSE,,,,,,
sukicredit.com.mx,FALSE,,,,,,
totalplay.com.mx,FALSE,,,,,,
colectivopericu.net,FALSE,,,,,,
ticketbus.com.mx,FALSE,,,,,,
finanziaauto.com.mx,FALSE,,,,,,
diariocambio.com.mx,FALSE,,,,,,
mexicoporno.com.mx,FALSE,,,,,,
perifel.com.mx,FALSE,,,,,,
mitec.com.mx,FALSE,,,,,,
suracapulco.mx,FALSE,,,,,,
uline.mx,FALSE,,,,,,
diariopresente.com.mx,FALSE,,,,,,
ulsa.mx,FALSE,,,,,,
interracks.com.mx,FALSE,,,,,,
resa.com.mx,FALSE,,,,,,
misrekargas.mx,FALSE,,,,,,
pagatae.com.mx,FALSE,,,,,,
usg.com.mx,FALSE,,,,,,
casasgeo.com,FALSE,,,,,,
evaluaciones.mx,FALSE,,,,,,
carssa.net,FALSE,,,,,,
mabempresa.com,FALSE,,,,,,
pappomania.com,FALSE,,,,,,
gruma.com,FALSE,,,,,,
nnc.mx,FALSE,,,,,,
akky.mx,FALSE,,,,,,
sixflags.com.mx,FALSE,,,,,,
raredesi.com,FALSE,,,,,,
corollaexperience.com,FALSE,,,,,,
promoopcion.com,FALSE,,,,,,
unach.mx,FALSE,,,,,,
intelisis-solutions.com.mx,FALSE,,,,,,
turista.com.mx,FALSE,,,,,,
bbvaleasing.mx,FALSE,,,,,,
prismainfo.com,FALSE,,,,,,
hospitalesangeles.com,FALSE,,,,,,
canalsonora.com,FALSE,,,,,,
celera.mx,FALSE,,,,,,
insp.mx,FALSE,,,,,,
tony.com.mx,FALSE,,,,,,
culturacolectiva.com,FALSE,,,,,,
e-tlaxcala.mx,FALSE,,,,,,
bmv.com.mx,FALSE,,,,,,
cyberpuerta.mx,FALSE,,,,,,
suauto.com.mx,FALSE,,,,,,
innovasport.com,FALSE,,,,,,
carteleradeteatro.mx,FALSE,,,,,,
resuelvetufuturo.mx,FALSE,,,,,,
pijamasurf.com,FALSE,,,,,,
uatx.mx,FALSE,,,,,,
farmaciasanpablo.com.mx,FALSE,,,,,,
steelex.com.mx,FALSE,,,,,,
alsea.net,FALSE,,,,,,
cfcredit.com.mx,FALSE,,,,,,
eluniversaltv.com.mx,FALSE,,,,,,
finasist.net,FALSE,,,,,,
compax.com.mx,FALSE,,,,,,
metroscubicos.com.mx,FALSE,,,,,,
juegosmonsterhigh.com,FALSE,,,,,,
kitempleo.com.mx,FALSE,,,,,,
ideateorienta.com.mx,FALSE,,,,,,
farmaciasguadalajara.com.mx,FALSE,,,,,,
tribuna.info,FALSE,,,,,,
cablecom.com.mx,FALSE,,,,,,
ragasa.com.mx,FALSE,,,,,,
itmerida.mx,FALSE,,,,,,
esperanza.mx,FALSE,,,,,,
elgrantlapalero.com,FALSE,,,,,,
control2000.com.mx,FALSE,,,,,,
truperenlinea.com,FALSE,,,,,,
e-azerty.com.mx,FALSE,,,,,,
ara.com.mx,FALSE,,,,,,
radyo-dinle.com,FALSE,,,,,,
cinvestav.mx,FALSE,,,,,,
xeu.com.mx,FALSE,,,,,,
starbucks.mx,FALSE,,,,,,
medicallhome.com.mx,FALSE,,,,,,
ufm.mx,FALSE,,,,,,
e-paf.com,FALSE,,,,,,
veo.tv,FALSE,,,,,,
alumza.com.mx,FALSE,,,,,,
utm.mx,FALSE,,,,,,
prosa.com.mx,FALSE,,,,,,
easygas.mx,FALSE,,,,,,
sfe.com.mx,FALSE,,,,,,
recarga.com.mx,FALSE,,,,,,
alfa913.mx,FALSE,,,,,,
sorteostec.org,FALSE,,,,,,
rac.mx,FALSE,,,,,,
alface.com.mx,FALSE,,,,,,
cantinamexico.mx,FALSE,,,,,,
ids.com.mx,FALSE,,,,,,
jeisa.com.mx,FALSE,,,,,,
netmexico.com,FALSE,,,,,,
tabascohoy.com.mx,FALSE,,,,,,
strends.com.mx,FALSE,,,,,,
lms.com.mx,FALSE,,,,,,
periodicocorreo.com.mx,FALSE,,,,,,
piesitosypantaletitas.net,FALSE,,,,,,
libreriaisef.com.mx,FALSE,,,,,,
rentasyventas.com,FALSE,,,,,,
kfc.com.mx,FALSE,,,,,,
airfrance.com.mx,FALSE,,,,,,
fotografoboda.mx,FALSE,,,,,,
palaciohierro.com.mx,FALSE,,,,,,
siapoa.com.mx,FALSE,,,,,,
cinepolisklic.com,FALSE,,,,,,
financiamientotoyota.com.mx,FALSE,,,,,,
elmundodecordoba.com,FALSE,,,,,,
omnilife.com,FALSE,,,,,,
uflpvirtual.com.mx,FALSE,,,,,,
grutastolantongo.com.mx,FALSE,,,,,,
novedadesacapulco.mx,FALSE,,,,,,
flipop.net,FALSE,,,,,,
easyvale.com.mx,FALSE,,,,,,
apligen.com.mx,FALSE,,,,,,
contadormx.com,FALSE,,,,,,
eduportal.com.mx,FALSE,,,,,,
orsan.com.mx,FALSE,,,,,,
omnia.com.mx,FALSE,,,,,,
gbmhomebroker.com,FALSE,,,,,,
mpfame.com.mx,FALSE,,,,,,
noticierosgrem.com.mx,FALSE,,,,,,
tubillar.com,FALSE,,,,,,
pol.mx,FALSE,,,,,,
diverza.com,FALSE,,,,,,
pagina.mx,FALSE,,,,,,
caras.com.mx,FALSE,,,,,,
conservi.com.mx,FALSE,,,,,,
balper.com.mx,FALSE,,,,,,
wingo.mx,FALSE,,,,,,
infotools.mx,FALSE,,,,,,
fahorro.com.mx,FALSE,,,,,,
reporteindigo.com,FALSE,,,,,,
ecosur.mx,FALSE,,,,,,
symio.com.mx,FALSE,,,,,,
gb-on.com,FALSE,,,,,,
blockbuster.com.mx,FALSE,,,,,,
century21mexico.com,FALSE,,,,,,
mipc.com.mx,FALSE,,,,,,
planseguro.com.mx,FALSE,,,,,,
vci.com.mx,FALSE,,,,,,
ateb-cfdi.com.mx,FALSE,,,,,,
entrelineas.com.mx,FALSE,,,,,,
webcamsdemexico.com,FALSE,,,,,,
madrigalcamarena.mx,FALSE,,,,,,
neo-online.com.mx,FALSE,,,,,,
elconta.com,FALSE,,,,,,
allianz.com.mx,FALSE,,,,,,
eid.com.mx,FALSE,,,,,,
securenet.com.mx,FALSE,,,,,,
iedf.org.mx,FALSE,,,,,,
e-pago.com.mx,FALSE,,,,,,
acer.com.mx,FALSE,,,,,,
litek.mx,FALSE,,,,,,
launion.com.mx,FALSE,,,,,,
claromusica.com,FALSE,,,,,,
simec.mx,FALSE,,,,,,
gmc.com.mx,FALSE,,,,,,
uabjo.mx,FALSE,,,,,,
radioshack.com.mx,FALSE,,,,,,
elacorazado.mx,FALSE,,,,,,
muack.net,FALSE,,,,,,
airbnb.mx,FALSE,,,,,,
e-studia.mx,FALSE,,,,,,
benotto.com.mx,FALSE,,,,,,
tipps.org.mx,FALSE,,,,,,
pro-net.mx,FALSE,,,,,,
ipp.mx,FALSE,,,,,,
centrodeevaluacion.com,FALSE,,,,,,
mainbit.com.mx,FALSE,,,,,,
minijuegos.info,FALSE,,,,,,
cicy.mx,FALSE,,,,,,
okisoporte.com.mx,FALSE,,,,,,
fusionradio.mx,FALSE,,,,,,
xpress.com.mx,FALSE,,,,,,
grupoalsea.com.mx,FALSE,,,,,,
imic.com.mx,FALSE,,,,,,
refaccionariacalifornia.com.mx,FALSE,,,,,,
axtel.com.mx,FALSE,,,,,,
ccpm.com.mx,FALSE,,,,,,
vendebien.co,FALSE,,,,,,
vitamedica.com.mx,FALSE,,,,,,
skoolcam.com,FALSE,,,,,,
mexicohoteles.com.mx,FALSE,,,,,,
salesup.com.mx,FALSE,,,,,,
hoteleskinky.com,FALSE,,,,,,
starnetusgnew.com.mx,FALSE,,,,,,
hponline.mx,FALSE,,,,,,
crminmobiliario.com,FALSE,,,,,,
posadas.com.mx,FALSE,,,,,,
sifiscal.com.mx,FALSE,,,,,,
vivelatino.com.mx,FALSE,,,,,,
flexi.com.mx,FALSE,,,,,,
rompecabezas.org,FALSE,,,,,,
territorio.la,FALSE,,,,,,
motosyequipos.com,FALSE,,,,,,
swissjustamerica.com,FALSE,,,,,,
castalia.com.mx,FALSE,,,,,,
capacita2.com.mx,FALSE,,,,,,
sexomexicano.org,FALSE,,,,,,
finamiga.com.mx,FALSE,,,,,,
ciudadanosenred.com.mx,FALSE,,,,,,
edimsa.com.mx,FALSE,,,,,,
lhesh.com.mx,FALSE,,,,,,
cuprum.com.mx,FALSE,,,,,,
megashoes.mx,FALSE,,,,,,
aig.com.mx,FALSE,,,,,,
eldiariodesonora.com.mx,FALSE,,,,,,
kioskotae.com,FALSE,,,,,,
cevimedicasur.org.mx,FALSE,,,,,,
chivasdecorazon.com.mx,FALSE,,,,,,
telcel.com.mx,FALSE,,,,,,
interbandas.com,FALSE,,,,,,
portalfranq.com.mx,FALSE,,,,,,
lmpolanco.com,FALSE,,,,,,
imagendelgolfo.com.mx,FALSE,,,,,,
regeneracion.mx,FALSE,,,,,,
eltianguisvirtual.net,FALSE,,,,,,
uacam.mx,FALSE,,,,,,
co2airgunsmexico.com,FALSE,,,,,,
uniformesyutiles.com,FALSE,,,,,,
sellswell.us,FALSE,,,,,,
estudia.com.mx,FALSE,,,,,,
aeomega.com.mx,FALSE,,,,,,
ocupa.com.mx,FALSE,,,,,,
julio.com,FALSE,,,,,,
nikken.com.mx,FALSE,,,,,,
casanovarent.com.mx,FALSE,,,,,,
fundacioncarlosslim.org,FALSE,,,,,,
solocasas.com.mx,FALSE,,,,,,
ciosadigital.com,FALSE,,,,,,
intellego.com.mx,FALSE,,,,,,
cocinafacil.com.mx,FALSE,,,,,,
logitel.com.mx,FALSE,,,,,,
nsmex.com.mx,FALSE,,,,,,
cenam.mx,FALSE,,,,,,
micro-tec.com.mx,FALSE,,,,,,
hebadomicilio.com.mx,FALSE,,,,,,
colmex.mx,FALSE,,,,,,
villasmorelos.com,FALSE,,,,,,
jafra.com.mx,FALSE,,,,,,
vivoelfutbol.com.mx,FALSE,,,,,,
unicom.mx,FALSE,,,,,,
femsa.com,FALSE,,,,,,
guiapv.com,FALSE,,,,,,
cuidadoconelperro.com.mx,FALSE,,,,,,
pueblaonline.com.mx,FALSE,,,,,,
tigres.com.mx,FALSE,,,,,,
autopistas.com.mx,FALSE,,,,,,
grupocnclavosnacionales.mx,FALSE,,,,,,
galerias.com,FALSE,,,,,,
itrcenterhost.com,FALSE,,,,,,
sistemascbt.com.mx,FALSE,,,,,,
anuies.mx,FALSE,,,,,,
raudatpv.com.mx,FALSE,,,,,,
torredecontrol.com.mx,FALSE,,,,,,
reduaz.mx,FALSE,,,,,,
ceti.mx,FALSE,,,,,,
imcp.org.mx,FALSE,,,,,,
creciendo.com.mx,FALSE,,,,,,
vanidades.com,FALSE,,,,,,
escolar.com.mx,FALSE,,,,,,
vicariadepastoral.org.mx,FALSE,,,,,,
vitro.com,FALSE,,,,,,
chefanapaula.com.mx,FALSE,,,,,,
consultoriofiscalunam.com.mx,FALSE,,,,,,
montepio.org.mx,FALSE,,,,,,
goldescargas.com,FALSE,,,,,,
toyotahighlander.com.mx,FALSE,,,,,,
aarco.com.mx,FALSE,,,,,,
sellsgood.co.uk,FALSE,,,,,,
anaseguros.com.mx,FALSE,,,,,,
ccicsa.com.mx,FALSE,,,,,,
soltectra.com.mx,FALSE,,,,,,
trabajoseng.com.mx,FALSE,,,,,,
bestoption.com.mx,FALSE,,,,,,
keyworks.com.mx,FALSE,,,,,,
diariodelsur.mx,FALSE,,,,,,
tiendatelcel.com.mx,FALSE,,,,,,
vialcoma.com.mx,FALSE,,,,,,
cuponzote.com,FALSE,,,,,,
superservicios.com.mx,FALSE,,,,,,
advans.mx,FALSE,,,,,,
lineas.com.mx,FALSE,,,,,,
eyet.mx,FALSE,,,,,,
panelessolares.com.mx,FALSE,,,,,,
ccpm.org.mx,FALSE,,,,,,
sytecso.com.mx,FALSE,,,,,,
ekonom.com,FALSE,,,,,,
jooble.com.mx,FALSE,,,,,,
nextel.mx,FALSE,,,,,,
cfestt.com,FALSE,,,,,,
mapfretepeyac.com,FALSE,,,,,,
pabis.com.mx,FALSE,,,,,,
gruposenda.com,FALSE,,,,,,
einovadigital.com,FALSE,,,,,,
taetelcel.com,FALSE,,,,,,
clasificadosreforma.com,FALSE,,,,,,
solidaridad.mx,FALSE,,,,,,
negociosreforma.com,FALSE,,,,,,
bancoazteca.com,FALSE,,,,,,
sntimp.net,FALSE,,,,,,
saludymedicinas.com.mx,FALSE,,,,,,
3malgut.com,FALSE,,,,,,
sexogratis.info,FALSE,,,,,,
segurosatlas.com.mx,FALSE,,,,,,
quo.mx,FALSE,,,,,,
tsys-pac.com.mx,FALSE,,,,,,
exafm.com,FALSE,,,,,,
nssoaxaca.com,FALSE,,,,,,
siptm.com,FALSE,,,,,,
dogstyle.com.mx,FALSE,,,,,,
juegosfriv.com.mx,FALSE,,,,,,
suempresa.com,FALSE,,,,,,
rsaseguros.com.mx,FALSE,,,,,,
nuevodia.com.mx,FALSE,,,,,,
circuito.mx,FALSE,,,,,,
deacero.com,FALSE,,,,,,
bjxbajiofashion.info,FALSE,,,,,,
aicm.com.mx,FALSE,,,,,,
siicex-caaarem.org.mx,FALSE,,,,,,
diariodelyaqui.mx,FALSE,,,,,,
resuelvetudeuda.com,FALSE,,,,,,
oasishoteles.net,FALSE,,,,,,
facturacionelectronicadhl.com,FALSE,,,,,,
infotec.com.mx,FALSE,,,,,,
sistemasaplicados.com.mx,FALSE,,,,,,
hoytamaulipas.net,FALSE,,,,,,
idelvalle.org,FALSE,,,,,,
alen.com.mx,FALSE,,,,,,
eldebate.com.mx,FALSE,,,,,,
tap.com.mx,FALSE,,,,,,
prendasegura.mx,FALSE,,,,,,
unionyucatan.mx,FALSE,,,,,,
smartdocs.com.mx,FALSE,,,,,,
denek.com,FALSE,,,,,,
umar.mx,FALSE,,,,,,
carplanet.mx,FALSE,,,,,,
redmagisterial.com,FALSE,,,,,,
intelcompras.com,FALSE,,,,,,
futura.com.mx,FALSE,,,,,,
prepagototal.com.mx,FALSE,,,,,,
fondodeculturaeconomica.com,FALSE,,,,,,
adea.com.mx,FALSE,,,,,,
bluecolash.com,FALSE,,,,,,
t-recarga.com.mx,FALSE,,,,,,
telehit.com,FALSE,,,,,,
cklass.net,FALSE,,,,,,
mitarjetapalacio.com.mx,FALSE,,,,,,
enercard.com.mx,FALSE,,,,,,
cimaco.com.mx,FALSE,,,,,,
uniradioinforma.com,FALSE,,,,,,
aliatuniversidades.com.mx,FALSE,,,,,,
educafin.com,FALSE,,,,,,
brother.com.mx,FALSE,,,,,,
invextarjetas.com.mx,FALSE,,,,,,
huastecahoy.com.mx,FALSE,,,,,,
azteca7.com,FALSE,,,,,,
alegriaslety.mx,FALSE,,,,,,
alestra.com.mx,FALSE,,,,,,
mudatehoy.com,FALSE,,,,,,
omniacuauhtemoc.com.mx,FALSE,,,,,,
ingenierialasalle.mx,FALSE,,,,,,
televisionenvivo.tv,FALSE,,,,,,
bandamusical.mx,FALSE,,,,,,
academica.mx,FALSE,,,,,,
expedienteclinico.mx,FALSE,,,,,,
encuentra.com,FALSE,,,,,,
unioncancun.mx,FALSE,,,,,,
migesa.com.mx,FALSE,,,,,,
diablos.com.mx,FALSE,,,,,,
expertomovistar.com.mx,FALSE,,,,,,
pizzahut.com.mx,FALSE,,,,,,
biotecnologias.mx,FALSE,,,,,,
humaneland.net,FALSE,,,,,,
ipkon.com.mx,FALSE,,,,,,
controlgas.com.mx,FALSE,,,,,,
aeromar.com.mx,FALSE,,,,,,
pendulo.com,FALSE,,,,,,
sym.com.mx,FALSE,,,,,,
gruges.com.mx,FALSE,,,,,,
tarmexico.com,FALSE,,,,,,
ferrecsa.com.mx,FALSE,,,,,,
confirming.com.mx,FALSE,,,,,,
mercadoshops.com.mx,FALSE,,,,,,
tress.com.mx,FALSE,,,,,,
opam.com.mx,FALSE,,,,,,
interlingua.com.mx,FALSE,,,,,,
heraldo.com.mx,FALSE,,,,,,
mitecnologico.com,FALSE,,,,,,
ofix.com.mx,FALSE,,,,,,
cronicatierrablanca.com.mx,FALSE,,,,,,
laparisina.com.mx,FALSE,,,,,,
mailengine.mx,FALSE,,,,,,
ubnmx.com,FALSE,,,,,,
certsuperior.com,FALSE,,,,,,
incom.mx,FALSE,,,,,,
farmatodo.com.mx,FALSE,,,,,,
sisec.mx,FALSE,,,,,,
taktaktak.com,FALSE,,,,,,
cnnmexico.com,FALSE,,,,,,
appstda.com.mx,FALSE,,,,,,
ecoosfera.com,FALSE,,,,,,
preinscripcionespuebla.mx,FALSE,,,,,,
ceinwb.com.mx,FALSE,,,,,,
grupogonher.com,FALSE,,,,,,
puntoclave.com.mx,FALSE,,,,,,
distribuidoresford.com.mx,FALSE,,,,,,
ntrzacatecas.com,FALSE,,,,,,
admexico.mx,FALSE,,,,,,
priceres.com.mx,FALSE,,,,,,
eticket.mx,FALSE,,,,,,
vivemx.com,FALSE,,,,,,
ieesonora.org.mx,FALSE,,,,,,
banjercito.com.mx,FALSE,,,,,,
utscvirtual.com,FALSE,,,,,,
ica.com.mx,FALSE,,,,,,
thehappening.com,FALSE,,,,,,
grupordas.com.mx,FALSE,,,,,,
unionpuebla.mx,FALSE,,,,,,
lavozdemichoacan.com.mx,FALSE,,,,,,
sciebem.com.mx,FALSE,,,,,,
decompras.com,FALSE,,,,,,
induxsoft.net,FALSE,,,,,,
estilodf.tv,FALSE,,,,,,
malagana.net,FALSE,,,,,,
invercap.com.mx,FALSE,,,,,,
lizminelli.com,FALSE,,,,,,
actinver.mx,FALSE,,,,,,
unocero.com,FALSE,,,,,,
kibo.mx,FALSE,,,,,,
colimanoticias.com,FALSE,,,,,,
casinolife.com.mx,FALSE,,,,,,
buick.com.mx,FALSE,,,,,,
clubamerica.com.mx,FALSE,,,,,,
efy-mexico.org,FALSE,,,,,,
planetacurioso.com,FALSE,,,,,,
transferfactormexico.com.mx,FALSE,,,,,,
imparcialoaxaca.mx,FALSE,,,,,,
e-ntegrated.com,FALSE,,,,,,
pullman.com.mx,FALSE,,,,,,
alfadiario.com.mx,FALSE,,,,,,
labmoreira.com,FALSE,,,,,,
pointer.mx,FALSE,,,,,,
snteseccion30sartet.org.mx,FALSE,,,,,,
servinox.com.mx,FALSE,,,,,,
tracsa.com.mx,FALSE,,,,,,
diarioelmartinense.com.mx,FALSE,,,,,,
imbiomed.com.mx,FALSE,,,,,,
televia.com.mx,FALSE,,,,,,
universidadpalmasintegra.mx,FALSE,,,,,,
multiva.com.mx,FALSE,,,,,,
intermoviez.info,FALSE,,,,,,
rednatura.com.mx,FALSE,,,,,,
ninewestmexico.com,FALSE,,,,,,
easygasweb.mx,FALSE,,,,,,
elmanana.mx,FALSE,,,,,,
ivpaste.com,FALSE,,,,,,
amorfm.mx,FALSE,,,,,,
lajor.mx,FALSE,,,,,,
hydroenv.com.mx,FALSE,,,,,,
dssp.com.mx,FALSE,,,,,,
conadi.net,FALSE,,,,,,
tuevaluacion.com.mx,FALSE,,,,,,
cetesdirecto.com,FALSE,,,,,,
sinergiamedica.net,FALSE,,,,,,
prosaludg4.com.mx,FALSE,,,,,,
diariodechiapas.com,FALSE,,,,,,
amcg.com.mx,FALSE,,,,,,
thebeautyeffect.com,FALSE,,,,,,
smnyl-clientes.com.mx,FALSE,,,,,,
transexualestube.com,FALSE,,,,,,
mexicanoamateur.com.mx,FALSE,,,,,,
unives.com.mx,FALSE,,,,,,
giro.com.mx,FALSE,,,,,,
globalschool.mx,FALSE,,,,,,
marvik.com.mx,FALSE,,,,,,
manoamano.com.mx,FALSE,,,,,,
yoexpreso.com,FALSE,,,,,,
leadingmarkets.com,FALSE,,,,,,
bepensamotriz.com.mx,FALSE,,,,,,
petco.com.mx,FALSE,,,,,,
travelinn.com.mx,FALSE,,,,,,
conectica.com.mx,FALSE,,,,,,
eleconomistaclub.mx,FALSE,,,,,,
mascaradelatex.com,FALSE,,,,,,
syc.com.mx,FALSE,,,,,,
juegoseverafterhigh.com,FALSE,,,,,,
siminforma.com.mx,FALSE,,,,,,
gamershop.com.mx,FALSE,,,,,,
ipade.mx,FALSE,,,,,,
tecpluss.mx,FALSE,,,,,,
priedomex.org.mx,FALSE,,,,,,
cincoradio.com.mx,FALSE,,,,,,
elhorizonte.mx,FALSE,,,,,,
paperpop.mx,FALSE,,,,,,
visooal.me,FALSE,,,,,,
receptor.com.mx,FALSE,,,,,,
levicom.com.mx,FALSE,,,,,,
ofixpres.com,FALSE,,,,,,
tvcenlinea.net,FALSE,,,,,,
planeacionesgratis.com,FALSE,,,,,,
italika.com.hn,FALSE,,,,,,
promocionesvw.mx,FALSE,,,,,,
hersheys.com.mx,FALSE,,,,,,
unionjalisco.mx,FALSE,,,,,,
centraldediscos.com.mx,FALSE,,,,,,
certifac.mx,FALSE,,,,,,
norvid.com.mx,FALSE,,,,,,
aulatecnologica.com.mx,FALSE,,,,,,
castores.com.mx,FALSE,,,,,,
herdez.com.mx,FALSE,,,,,,
solmar.com,FALSE,,,,,,
devlyn.com.mx,FALSE,,,,,,
ofik.com,FALSE,,,,,,
capacitacionlinea.com.mx,FALSE,,,,,,
ladesa.com.mx,FALSE,,,,,,
facturacionmoderna.com,FALSE,,,,,,
i-escolar.com,FALSE,,,,,,
elbuentono.com.mx,FALSE,,,,,,
masfacturas.mx,FALSE,,,,,,
casadelaamistad.org.mx,FALSE,,,,,,
sukarne.com,FALSE,,,,,,
facturacion-arco.com.mx,FALSE,,,,,,
rotoplas.com,FALSE,,,,,,
explorandomexico.com.mx,FALSE,,,,,,
eldictamen.mx,FALSE,,,,,,
analitica.com.mx,FALSE,,,,,,
yositengosecundaria.mx,FALSE,,,,,,
cmuch.mx,FALSE,,,,,,
uqroo.mx,FALSE,,,,,,
primera-hora.com.mx,FALSE,,,,,,
datalogic.com.mx,FALSE,,,,,,
barnes.com.mx,FALSE,,,,,,
inbursa.com.mx,FALSE,,,,,,
pornomexicanoxxx.com.mx,FALSE,,,,,,
xnet.mx,FALSE,,,,,,
gsl.com.mx,FALSE,,,,,,
toks.com.mx,FALSE,,,,,,
blogdelnarco.mx,FALSE,,,,,,
lpfensenada.com,FALSE,,,,,,
terceradivision.com.mx,FALSE,,,,,,
wms2.mx,FALSE,,,,,,
simplifyca.mx,FALSE,,,,,,
segurifact.com,FALSE,,,,,,
toditotrabajos.com,FALSE,,,,,,
momatt.com,FALSE,,,,,,
potosinos.com.mx,FALSE,,,,,,
autocredito.com.mx,FALSE,,,,,,
rompecabezasgratis.com,FALSE,,,,,,
culonasxxx.net,FALSE,,,,,,
cinepolis.com.mx,FALSE,,,,,,
garuyo.com,FALSE,,,,,,
independencia.com.mx,FALSE,,,,,,
sunpacific.mx,FALSE,,,,,,
sistemacds.com,FALSE,,,,,,
afntijuana.info,FALSE,,,,,,
rmelectronics.mx,FALSE,,,,,,
enlacefiscal.com,FALSE,,,,,,
mendoza.com.mx,FALSE,,,,,,
segundadivisionfmf.org.mx,FALSE,,,,,,
structura.com.mx,FALSE,,,,,,
eduweb.mx,FALSE,,,,,,
occmundial.com.mx,FALSE,,,,,,
webadictos.com,FALSE,,,,,,
distroller-online.com.mx,FALSE,,,,,,
segundamano.com.mx,FALSE,,,,,,
ieecolima.org.mx,FALSE,,,,,,
teleformula.com.mx,FALSE,,,,,,
pedidos.com.mx,FALSE,,,,,,
proyecto40.com,FALSE,,,,,,
beta.com.mx,FALSE,,,,,,
tusitio.mobi,FALSE,,,,,,
adon.mx,FALSE,,,,,,
megamak.com.mx,FALSE,,,,,,
u-erre.mx,FALSE,,,,,,
santillana.com.mx,FALSE,,,,,,
gerza.com,FALSE,,,,,,
consentido.com.mx,FALSE,,,,,,
qualtia.com,FALSE,,,,,,
mexicodestinos.com,FALSE,,,,,,
cadenanoticias.mx,FALSE,,,,,,
efactornetwork.com,FALSE,,,,,,
de-paseo.com,FALSE,,,,,,
institutomaurer.com.mx,FALSE,,,,,,
benavides.com.mx,FALSE,,,,,,
cesvimexico.com.mx,FALSE,,,,,,
unionguanajuato.mx,FALSE,,,,,,
estudiosforenses.mx,FALSE,,,,,,
rayados.com,FALSE,,,,,,
redcfdi.com,FALSE,,,,,,
tufesa.com.mx,FALSE,,,,,,
heb2b.com.mx,FALSE,,,,,,
grupogigante.com.mx,FALSE,,,,,,
infoexpo.com.mx,FALSE,,,,,,
boletingdl.com.mx,FALSE,,,,,,
book.com.mx,FALSE,,,,,,
asur.com.mx,FALSE,,,,,,
aduanas-mexico.com.mx,FALSE,,,,,,
doomos.com.mx,FALSE,,,,,,
carlock.com.mx,FALSE,,,,,,
opentec.com.mx,FALSE,,,,,,
plazadelatecnologia.com,FALSE,,,,,,
vwcomerciales.com.mx,FALSE,,,,,,
ventascac.com.mx,FALSE,,,,,,
annafiori.com.mx,FALSE,,,,,,
aeromexicocargo.com.mx,FALSE,,,,,,
facturahoy.mx,FALSE,,,,,,
cuadra.com.mx,FALSE,,,,,,
directorioempresas.mx,FALSE,,,,,,
kingco.com.mx,FALSE,,,,,,
viajeselcorteingles.com.mx,FALSE,,,,,,
expidetufactura.com.mx,FALSE,,,,,,
hlbmexico.com.mx,FALSE,,,,,,
granplan.com,FALSE,,,,,,
ternium.com.mx,FALSE,,,,,,
banjenetbanjercito.com.mx,FALSE,,,,,,
cmoctezuma.com.mx,FALSE,,,,,,
libri.mx,FALSE,,,,,,
universal921.mx,FALSE,,,,,,
hilti.com.mx,FALSE,,,,,,
reydreyes.mx,FALSE,,,,,,
sumitel.com,FALSE,,,,,,
rincondelecturas.com,FALSE,,,,,,
ambit.com.mx,FALSE,,,,,,
gis.com.mx,FALSE,,,,,,
femexfut.org.mx,FALSE,,,,,,
schooltalk.com.mx,FALSE,,,,,,
elmundodeorizaba.com,FALSE,,,,,,
contamex.com,FALSE,,,,,,
unne.com.mx,FALSE,,,,,,
impresoraunion.com,FALSE,,,,,,
darkville.com.mx,FALSE,,,,,,
cpc.com.mx,FALSE,,,,,,
gruporimsa.com.mx,FALSE,,,,,,
cadillac.com.mx,FALSE,,,,,,
sportcity.com.mx,FALSE,,,,,,
elsiglodedurango.com.mx,FALSE,,,,,,
provincia.com.mx,FALSE,,,,,,
mixup.com,FALSE,,,,,,
rtp.com.mx,FALSE,,,,,,
sofiajuegos.com,FALSE,,,,,,
syscomcctv.com.mx,FALSE,,,,,,
fotomecanica.com.mx,FALSE,,,,,,
eleconomista.mx,FALSE,,,,,,
casandra.com.mx,FALSE,,,,,,
unefon.com.mx,FALSE,,,,,,
orientat.com.mx,FALSE,,,,,,
promobroker.com.mx,FALSE,,,,,,
slmerkamobil.com,FALSE,,,,,,
sira.mx,FALSE,,,,,,
flippermedia.biz,FALSE,,,,,,
erfc.com.mx,FALSE,,,,,,
taetelcel.com.mx,FALSE,,,,,,
dondehayferia.com,FALSE,,,,,,
masternoc.mx,FALSE,,,,,,
distamex.com.mx,FALSE,,,,,,
lifeboxset.com,FALSE,,,,,,
cscsa.com.mx,FALSE,,,,,,
hoteldo.com.mx,FALSE,,,,,,
elsoldecaborca.info,FALSE,,,,,,
metrocarrier.com.mx,FALSE,,,,,,
controldeasistencia.com.mx,FALSE,,,,,,
3play.mx,FALSE,,,,,,
cheforopeza.com.mx,FALSE,,,,,,
angelguardian.mx,FALSE,,,,,,
highgrade.com.mx,FALSE,,,,,,
marcor.com.mx,FALSE,,,,,,
loyaltyworldvwfs.com,FALSE,,,,,,
mimapfre.com.mx,FALSE,,,,,,
kwa.com.mx,FALSE,,,,,,
mueblesparaoficinaenqueretaro.com,FALSE,,,,,,
evolucione.mx,FALSE,,,,,,
facturanet.net,FALSE,,,,,,
sundar.mx,FALSE,,,,,,
unicable.tv,FALSE,,,,,,
nosotros2.com,FALSE,,,,,,
ppcmex.mx,FALSE,,,,,,
cityaccess.com.mx,FALSE,,,,,,
economia.com.mx,FALSE,,,,,,
capufe-iave.com.mx,FALSE,,,,,,
desdeabajo.com.mx,FALSE,,,,,,
smnyl.com.mx,FALSE,,,,,,
cpm.coop,FALSE,,,,,,
grandesimagenes.com,FALSE,,,,,,
sullca.com,FALSE,,,,,,
radioformula.com,FALSE,,,,,,
avalms.com,FALSE,,,,,,
futboleno.com,FALSE,,,,,,
facturaspeajemalibran.com.mx,FALSE,,,,,,
winstondata.com,FALSE,,,,,,
nominaspe.com.mx,FALSE,,,,,,
agenciaeluniversal.com.mx,FALSE,,,,,,
labartolina.com.mx,FALSE,,,,,,
mnyl.com.mx,FALSE,,,,,,
metronet.com.mx,FALSE,,,,,,
educacion-icss.org.mx,FALSE,,,,,,
easyvale.mx,FALSE,,,,,,
quattromarketing.mx,FALSE,,,,,,
raileurope.com.mx,FALSE,,,,,,
aula-virtual.mx,FALSE,,,,,,
fiestainn.com,FALSE,,,,,,
fiestamericana.com,FALSE,,,,,,
damsa.com.mx,FALSE,,,,,,
clubbomby.com.mx,FALSE,,,,,,
facturacionelectronicapepsico.com.mx,FALSE,,,,,,
ebc.mx,FALSE,,,,,,
cuernavacasas.com.mx,FALSE,,,,,,
reservationprocess.net,FALSE,,,,,,
ema.org.mx,FALSE,,,,,,
zona33preescolar.com,FALSE,,,,,,
clickonero.com,FALSE,,,,,,
cosmocel.com,FALSE,,,,,,
pagepersonnel.com.mx,FALSE,,,,,,
lcrsemillas.org.mx,FALSE,,,,,,
pamfa.org.mx,FALSE,,,,,,
juegosangry.com,FALSE,,,,,,
kuroda.com,FALSE,,,,,,
consisarh.com.mx,FALSE,,,,,,
scalahed.com,FALSE,,,,,,
portaltelefonico.mx,FALSE,,,,,,
uaaan.mx,FALSE,,,,,,
ultragas.com.mx,FALSE,,,,,,
mejoratucasa-comercios.com.mx,FALSE,,,,,,
neubox.com,FALSE,,,,,,
gonvill.com.mx,FALSE,,,,,,
todoensubastas.com.mx,FALSE,,,,,,
misjuegos.com.mx,FALSE,,,,,,
facturadorelectronico.com,FALSE,,,,,,
ssgt.com.mx,FALSE,,,,,,
somosinvictos.com,FALSE,,,,,,
arcodisc.com.mx,FALSE,,,,,,
inrasa.com.mx,FALSE,,,,,,
rentasyventas.com.mx,FALSE,,,,,,
audioonline.com.mx,FALSE,,,,,,
aforebanamex.com.mx,FALSE,,,,,,
salonvirtual.com.mx,FALSE,,,,,,
ingressioenlanube.com,FALSE,,,,,,
redam.mx,FALSE,,,,,,
eldiariodechihuahua.com.mx,FALSE,,,,,,
capacitacionbancomer.com.mx,FALSE,,,,,,
globalenergy.com.mx,FALSE,,,,,,
facte.mx,FALSE,,,,,,
prudentialmexico.com.mx,FALSE,,,,,,
educaredigital.com,FALSE,,,,,,
guadalajaraguadalajara.com,FALSE,,,,,,
hipodromo.com.mx,FALSE,,,,,,
visas.mx,FALSE,,,,,,
clickseguros.com.mx,FALSE,,,,,,
iave.mx,FALSE,,,,,,
correosdemexico.com.mx,FALSE,,,,,,
poderpda.com,FALSE,,,,,,
realresorts.com,FALSE,,,,,,
lob.com.mx,FALSE,,,,,,
upc.com.mx,FALSE,,,,,,
rtrk.mx,FALSE,,,,,,
gafima.com.mx,FALSE,,,,,,
neoclan.net,FALSE,,,,,,
imt.mx,FALSE,,,,,,
plumaslibres.com.mx,FALSE,,,,,,
ahr.mx,FALSE,,,,,,
autosdatamovil.com,FALSE,,,,,,
andrea.com.mx,FALSE,,,,,,
iie.org.mx,FALSE,,,,,,
tusfacturas.com.mx,FALSE,,,,,,
segurosbanorte.com.mx,FALSE,,,,,,
educacionyculturaaz.com,FALSE,,,,,,
casacompara.com.mx,FALSE,,,,,,
xeudeportes.com.mx,FALSE,,,,,,
internetpower.com.mx,FALSE,,,,,,
smartticketb.com,FALSE,,,,,,
gemco.com.mx,FALSE,,,,,,
psicotest.com.mx,FALSE,,,,,,
facturacionquadrum.com.mx,FALSE,,,,,,
mexicanasxxx.com.mx,FALSE,,,,,,
tecnolite.com.mx,FALSE,,,,,,
programa-mas.com.mx,FALSE,,,,,,
scouts.org.mx,FALSE,,,,,,
fondantcakehouse.com.mx,FALSE,,,,,,
fl.com.mx,FALSE,,,,,,
taedelsureste.com.mx,FALSE,,,,,,
cmic.org,FALSE,,,,,,
masonline.mx,FALSE,,,,,,
padresehijos.com.mx,FALSE,,,,,,
fernanda-familiar.com,FALSE,,,,,,
abisoft.com.mx,FALSE,,,,,,
inspvirtual.mx,FALSE,,,,,,
impuls.com.mx,FALSE,,,,,,
segurosmnyl.com.mx,FALSE,,,,,,
rica.com.mx,FALSE,,,,,,
letraslibres.com,FALSE,,,,,,
ncontrol.com.mx,FALSE,,,,,,
gafer.net,FALSE,,,,,,
flexienlinea.com.mx,FALSE,,,,,,
dscorp.com.mx,FALSE,,,,,,
icsingenieria.com.mx,FALSE,,,,,,
exitusnomina.com.mx,FALSE,,,,,,
sabersinfin.com,FALSE,,,,,,
dportenis.mx,FALSE,,,,,,
lojack.com.mx,FALSE,,,,,,
primeraplanadigital.com.mx,FALSE,,,,,,
cajeroenlinea.mx,FALSE,,,,,,
narcoviolencia.com.mx,FALSE,,,,,,
yazbek.com.mx,FALSE,,,,,,
grupoflecharoja.com.mx,FALSE,,,,,,
conductitlan.net,FALSE,,,,,,
mansiondelossuenos.com.mx,FALSE,,,,,,
abchospital.com,FALSE,,,,,,
stardance.com.mx,FALSE,,,,,,
100franquicias.com.mx,FALSE,,,,,,
webcodigopostal.mx,FALSE,,,,,,
daewoo.com.mx,FALSE,,,,,,
sofimex.com.mx,FALSE,,,,,,
laprensa.mx,FALSE,,,,,,
ateb.com.mx,FALSE,,,,,,
dirind.com,FALSE,,,,,,
developmentsystems.com.mx,FALSE,,,,,,
megatravel.com.mx,FALSE,,,,,,
mmredes.com,FALSE,,,,,,
iniciarcorreo.com,FALSE,,,,,,
efectipagos.com,FALSE,,,,,,
pullman.mx,FALSE,,,,,,
facturaelectronicagfa.mx,FALSE,,,,,,
toppornoperuano.com,FALSE,,,,,,
bdtravelsolution.com.mx,FALSE,,,,,,
liberal.com.mx,FALSE,,,,,,
kallida.com.mx,FALSE,,,,,,
obrasdeteatrocortas.mx,FALSE,,,,,,
farmaciazamora.com.mx,FALSE,,,,,,
vitromex.com.mx,FALSE,,,,,,
facturamcdonalds.com.mx,FALSE,,,,,,
copyleft.com.mx,FALSE,,,,,,
acuariolomas.com.mx,FALSE,,,,,,
enviageb.com.mx,FALSE,,,,,,
gaiadesign.com.mx,FALSE,,,,,,
trabajo.com.mx,FALSE,,,,,,
costonet.com.mx,FALSE,,,,,,
eluniversalveracruz.com.mx,FALSE,,,,,,
tlacoac.com.mx,FALSE,,,,,,
peugeot-armalo.com.mx,FALSE,,,,,,
lacorona.com.mx,FALSE,,,,,,
siete24.mx,FALSE,,,,,,
cocinaycomparte.com,FALSE,,,,,,
odmexpress.com.mx,FALSE,,,,,,
e-facturasaas.com,FALSE,,,,,,
leyendascortas.com.mx,FALSE,,,,,,
its.mx,FALSE,,,,,,
comonuevos.com.mx,FALSE,,,,,,
elmananadevalles.com.mx,FALSE,,,,,,
grupo-sacmag.com,FALSE,,,,,,
gruposantanderempleo.com.mx,FALSE,,,,,,
pan.org.mx,FALSE,,,,,,
orthinlab.com.mx,FALSE,,,,,,
mycrmonline.mx,FALSE,,,,,,
soyconta.mx,FALSE,,,,,,
avanceytec.com.mx,FALSE,,,,,,
genommalab.com,FALSE,,,,,,
prb.com.mx,FALSE,,,,,,
nova.com.mx,FALSE,,,,,,
sivale.com.mx,FALSE,,,,,,
warp.la,FALSE,,,,,,
udelprado.mx,FALSE,,,,,,
culioneros.com.mx,FALSE,,,,,,
galletasdonde.com.mx,FALSE,,,,,,
lajornadaguerrero.com.mx,FALSE,,,,,,
educacionprimaria.mx,FALSE,,,,,,
binmueble.com,FALSE,,,,,,
subaru.com.mx,FALSE,,,,,,
cemexmexico.com,FALSE,,,,,,
virginmobile.mx,FALSE,,,,,,
7-eleven.com.mx,FALSE,,,,,,
suplementosgym.com.mx,FALSE,,,,,,
tedisa.com.mx,FALSE,,,,,,
enlapelea.com,FALSE,,,,,,
mtm.com.mx,FALSE,,,,,,
imer.mx,FALSE,,,,,,
endocrinologia.org.mx,FALSE,,,,,,
acselco.com.mx,FALSE,,,,,,
cerrey.com.mx,FALSE,,,,,,
grupoaltavista.com.mx,FALSE,,,,,,
berlitz.com.mx,FALSE,,,,,,
capodeportes.net,FALSE,,,,,,
avasa.com.mx,FALSE,,,,,,
teleservicios.com.mx,FALSE,,,,,,
crocsmexico.com.mx,FALSE,,,,,,
get-the-look.com.mx,FALSE,,,,,,
ancestry.mx,FALSE,,,,,,
xcaret.com.mx,FALSE,,,,,,
fiestarewards.com,FALSE,,,,,,
futbolpasion.mx,FALSE,,,,,,
medicasur.com.mx,FALSE,,,,,,
agaveazulresidencial.mx,FALSE,,,,,,
mibebeyyo.com.mx,FALSE,,,,,,
aereocalafia.com.mx,FALSE,,,,,,
eventossistema.com.mx,FALSE,,,,,,
taxcoach.com.mx,FALSE,,,,,,
sclpcj.com.mx,FALSE,,,,,,
caminoreal.com,FALSE,,,,,,
masnegocio.com,FALSE,,,,,,
deloitte.com.mx,FALSE,,,,,,
glasnouk.com,FALSE,,,,,,
mexicanasardientes.com.mx,FALSE,,,,,,
sexenio.com.mx,FALSE,,,,,,
toyotacredito.com.mx,FALSE,,,,,,
heladossultana.com.mx,FALSE,,,,,,
arturopadilla.com,FALSE,,,,,,
institutocrisol.org,FALSE,,,,,,
nocnok.com,FALSE,,,,,,
cruzazulfc.com,FALSE,,,,,,
descubretucasa.com.mx,FALSE,,,,,,
comie.org.mx,FALSE,,,,,,
petro-7.com.mx,FALSE,,,,,,
facturacioncha-vta.com.mx,FALSE,,,,,,
suteym.org.mx,FALSE,,,,,,
superkompras.com.mx,FALSE,,,,,,
centrosantafe.com.mx,FALSE,,,,,,
exeldelnorte.com.mx,FALSE,,,,,,
iupsedemichoacanmaestria.com.mx,FALSE,,,,,,
converse.com.mx,FALSE,,,,,,
radiocentro.com,FALSE,,,,,,
simplementeadriana.com,FALSE,,,,,,
francoseguros.com,FALSE,,,,,,
controlex.mx,FALSE,,,,,,
porunpaismejor.com.mx,FALSE,,,,,,
noticaribe.com.mx,FALSE,,,,,,
edicionescastillo.com,FALSE,,,,,,
mobo.com.mx,FALSE,,,,,,
partidoverde.org.mx,FALSE,,,,,,
klaylab.com,FALSE,,,,,,
nomilinea.mx,FALSE,,,,,,
tecnm.mx,FALSE,,,,,,
snte50.org.mx,FALSE,,,,,,
grupoalso.com.mx,FALSE,,,,,,
gpv.com.mx,FALSE,,,,,,
pizarronmaxi.com.mx,FALSE,,,,,,
fratresa.com.mx,FALSE,,,,,,
siaeducacion.org,FALSE,,,,,,
zonait.com.mx,FALSE,,,,,,
tribunadeloscabos.com.mx,FALSE,,,,,,
ideainterior.com.mx,FALSE,,,,,,
crescloud.com,FALSE,,,,,,
clarosports.com,FALSE,,,,,,
bandamax.tv,FALSE,,,,,,
programareduceconredustat.com.mx,FALSE,,,,,,
doc2sign.mx,FALSE,,,,,,
vocabulario.com.mx,FALSE,,,,,,
puntodeencuentro.com.mx,FALSE,,,,,,
operax.com.mx,FALSE,,,,,,
siegfried.com.mx,FALSE,,,,,,
loex.com.mx,FALSE,,,,,,
adecco.com.mx,FALSE,,,,,,
gruposimonbolivar.mx,FALSE,,,,,,
empresapyme.net,FALSE,,,,,,
razonypalabra.org.mx,FALSE,,,,,,
begrand.mx,FALSE,,,,,,
periodicocentral.mx,FALSE,,,,,,
habitos.mx,FALSE,,,,,,
pureforce.com.mx,FALSE,,,,,,
grupogasca.com.mx,FALSE,,,,,,
conexionescolar.com,FALSE,,,,,,
tecnotaews.com,FALSE,,,,,,
joya937.mx,FALSE,,,,,,
interproteccion.com.mx,FALSE,,,,,,
gbm.com.mx,FALSE,,,,,,
tecnosinergia.com,FALSE,,,,,,
noticiasggl.com,FALSE,,,,,,
autovias.com.mx,FALSE,,,,,,
barcelpro.com.mx,FALSE,,,,,,
viana.com.mx,FALSE,,,,,,
ceenl.mx,FALSE,,,,,,
luismart.com.mx,FALSE,,,,,,
aislamientos.com.mx,FALSE,,,,,,
cedhtlax.org.mx,FALSE,,,,,,
webfianzasdorama.com.mx,FALSE,,,,,,
dacomsa.com,FALSE,,,,,,
subastasventura.com,FALSE,,,,,,
ingeniat.mx,FALSE,,,,,,
televisa.com.mx,FALSE,,,,,,
calcimp.com,FALSE,,,,,,
puentelibre.mx,FALSE,,,,,,
masteredi.com.mx,FALSE,,,,,,
cms.org.mx,FALSE,,,,,,
equipat.com.mx,FALSE,,,,,,
marcate.com.mx,FALSE,,,,,,
juegoskids.com,FALSE,,,,,,
sitio300.com,FALSE,,,,,,
cicese.mx,FALSE,,,,,,
ipaxvoip.com.mx,FALSE,,,,,,
mixfm.mx,FALSE,,,,,,
cambiateaprofuturo.com.mx,FALSE,,,,,,
metalespreciosos.com.mx,FALSE,,,,,,
cristaljoyasonline.com.mx,FALSE,,,,,,
mabe.com.mx,FALSE,,,,,,
soumaya.com.mx,FALSE,,,,,,
ferromex.com.mx,FALSE,,,,,,
360grados.mx,FALSE,,,,,,
irctech.com.mx,FALSE,,,,,,
sifupro.org.mx,FALSE,,,,,,
clubdellector.com.mx,FALSE,,,,,,
tiendacanon.com.mx,FALSE,,,,,,
gentetlx.com.mx,FALSE,,,,,,
arnor.com.mx,FALSE,,,,,,
casaxavier.com.mx,FALSE,,,,,,
grupo-vysisa.mx,FALSE,,,,,,
imemmexico.com.mx,FALSE,,,,,,
ganandoconingles.com,FALSE,,,,,,
auditorio.com.mx,FALSE,,,,,,
bluetogo.mx,FALSE,,,,,,
diarioqro.com,FALSE,,,,,,
ultra.com.mx,FALSE,,,,,,
montepiedad.com.mx,FALSE,,,,,,
gpoibarra.com,FALSE,,,,,,
samsaplicaciones.com.mx,FALSE,,,,,,
especialistas.com.mx,FALSE,,,,,,
entretodos.com.mx,FALSE,,,,,,
imco.org.mx,FALSE,,,,,,
colegiodenotarios.org.mx,FALSE,,,,,,
distroller.com,FALSE,,,,,,
elsoldehidalgo.com.mx,FALSE,,,,,,
formacion-ca.com.mx,FALSE,,,,,,
rancherita.com.mx,FALSE,,,,,,
sgcweb.com.mx,FALSE,,,,,,
labajasur.com.mx,FALSE,,,,,,
imprimefactura.mx,FALSE,,,,,,
cosmotienda.com,FALSE,,,,,,
mundojob.net,FALSE,,,,,,
redfm.mx,FALSE,,,,,,
gacn.com.mx,FALSE,,,,,,
beat1009.com.mx,FALSE,,,,,,
lux.mx,FALSE,,,,,,
gely.mx,FALSE,,,,,,
saca.com.mx,FALSE,,,,,,
tecpachucavirtual.mx,FALSE,,,,,,
gasomaxgp.com.mx,FALSE,,,,,,
riodoce.mx,FALSE,,,,,,
ventadellantas.com.mx,FALSE,,,,,,
bimbosar.com.mx,FALSE,,,,,,
lamarina.mx,FALSE,,,,,,
eternitydiamonds.com.mx,FALSE,,,,,,
velazquez.com.mx,FALSE,,,,,,
sellcom-solutions.com.mx,FALSE,,,,,,
tefacturamos.com.mx,FALSE,,,,,,
pepeytono.com.mx,FALSE,,,,,,
segurosocial.mx,FALSE,,,,,,
picacho.net,FALSE,,,,,,
deere.com.mx,FALSE,,,,,,
adosa.com.mx,FALSE,,,,,,
nationalsoft.mx,FALSE,,,,,,
hajjdesignless.com.mx,FALSE,,,,,,
paxfacturacion.com.mx,FALSE,,,,,,
fiscalnet.mx,FALSE,,,,,,
traverstool.com.mx,FALSE,,,,,,
coldwellbanker.com.mx,FALSE,,,,,,
gallomaquia.com.mx,FALSE,,,,,,
segurosafirme.com.mx,FALSE,,,,,,
ldgmx.com,FALSE,,,,,,
tiendaoficialamerica.com,FALSE,,,,,,
globalmedia.mx,FALSE,,,,,,
quienhabla.mx,FALSE,,,,,,
extranormal.com.mx,FALSE,,,,,,
cee-nl.org.mx,FALSE,,,,,,
elmundodetehuacan.com,FALSE,,,,,,
sng.com.mx,FALSE,,,,,,
gasmart.com.mx,FALSE,,,,,,
segurosbancomer.com.mx,FALSE,,,,,,
brosclub.com.mx,FALSE,,,,,,
syscom.com.mx,FALSE,,,,,,
garis.com.mx,FALSE,,,,,,
playasmexico.com.mx,FALSE,,,,,,
evans.com.mx,FALSE,,,,,,
laferia.com.mx,FALSE,,,,,,
zadako.mx,FALSE,,,,,,
factorum.com.mx,FALSE,,,,,,
ideainterior.com,FALSE,,,,,,
aportacionesfiscales.com,FALSE,,,,,,
oemoda.com,FALSE,,,,,,
lypsa.mx,FALSE,,,,,,
asesores-ais.mx,FALSE,,,,,,
puebla.travel,FALSE,,,,,,
evangelizacion.org.mx,FALSE,,,,,,
afasa.com.mx,FALSE,,,,,,
laverdadcatolica.org,FALSE,,,,,,
fordxalapa.mx,FALSE,,,,,,
ldv.com.mx,FALSE,,,,,,
clubplaneta.com.mx,FALSE,,,,,,
diarioavanzada.com.mx,FALSE,,,,,,
bicimundo.com.mx,FALSE,,,,,,
calzadolis.mx,FALSE,,,,,,
daiweb.mx,FALSE,,,,,,
ticsa.com.mx,FALSE,,,,,,
foroactivo.mx,FALSE,,,,,,
clubroyalelite.com,FALSE,,,,,,
ergonomic.com.mx,FALSE,,,,,,
avisoseconomicos.com.mx,FALSE,,,,,,
publicidadeuros.com.mx,FALSE,,,,,,
diputadosprd.org.mx,FALSE,,,,,,
gdiestra.com.mx,FALSE,,,,,,
novaservicios.com.mx,FALSE,,,,,,
helvex.com,FALSE,,,,,,
surat.mx,FALSE,,,,,,
femsa.mx,FALSE,,,,,,
ecomart.com.mx,FALSE,,,,,,
infra.com.mx,FALSE,,,,,,
seminuevosyusados.com,FALSE,,,,,,
cevat.org.mx,FALSE,,,,,,
condenast.com.mx,FALSE,,,,,,
forojuridico.org.mx,FALSE,,,,,,
prolecge.com,FALSE,,,,,,
solver.com.mx,FALSE,,,,,,
tigresenvivo.mx,FALSE,,,,,,
bioparquemonterrey.mx,FALSE,,,,,,
gmx.com.mx,FALSE,,,,,,
bancomultiva.com.mx,FALSE,,,,,,
demiparami.com,FALSE,,,,,,
reactivosyequipos.com.mx,FALSE,,,,,,
ideasgnp.com.mx,FALSE,,,,,,
ymmex.com.mx,FALSE,,,,,,
codigosanluis.com,FALSE,,,,,,
transferbanamex.com,FALSE,,,,,,
autofacil.com.mx,FALSE,,,,,,
universidadcultural.com.mx,FALSE,,,,,,
mxcity.mx,FALSE,,,,,,
century21chihuahua.com,FALSE,,,,,,
franquiciadirecta.com.mx,FALSE,,,,,,
laconfiteria.mx,FALSE,,,,,,
eleventa.com,FALSE,,,,,,
albanta.org.mx,FALSE,,,,,,
hotmailcom.org.mx,FALSE,,,,,,
afore.com.mx,FALSE,,,,,,
vallenproveedora.com.mx,FALSE,,,,,,
sntss.org.mx,FALSE,,,,,,
xcaretexperiencias.com,FALSE,,,,,,
zonacritica.mx,FALSE,,,,,,
digitalife.com.mx,FALSE,,,,,,
farmalisto.com.mx,FALSE,,,,,,
telmex.net,FALSE,,,,,,
findthecompany.com.mx,FALSE,,,,,,
noreste.com.mx,FALSE,,,,,,
cnhmexico.com.mx,FALSE,,,,,,
ita.mx,FALSE,,,,,,
ibushak.com,FALSE,,,,,,
1070noticias.com.mx,FALSE,,,,,,
veracruzanos.info,FALSE,,,,,,
queretaro.travel,FALSE,,,,,,
diario21.com.mx,FALSE,,,,,,
vuala.com.mx,FALSE,,,,,,
promoline.com.mx,FALSE,,,,,,
renego.com.mx,FALSE,,,,,,
xolos.com.mx,FALSE,,,,,,
aca-novenet.com.mx,FALSE,,,,,,
lonchicuates.com.mx,FALSE,,,,,,
envasespet.com.mx,FALSE,,,,,,
capufe.info,FALSE,,,,,,
profuturognp.com.mx,FALSE,,,,,,
cetys.mx,FALSE,,,,,,
laopinion.com.mx,FALSE,,,,,,
iai.com.mx,FALSE,,,,,,
aguapuebla.mx,FALSE,,,,,,
sivale.mx,FALSE,,,,,,
rotativo.com.mx,FALSE,,,,,,
alfaomega.com.mx,FALSE,,,,,,
maskapital.com.mx,FALSE,,,,,,
semimotors.com,FALSE,,,,,,
facturacionequadrum.com.mx,FALSE,,,,,,
ingeniamuebles.com.mx,FALSE,,,,,,
superpapelera.com.mx,FALSE,,,,,,
gnpventamasiva.com.mx,FALSE,,,,,,
portaldeeducacion.com.mx,FALSE,,,,,,
cableonline.com.mx,FALSE,,,,,,
tarjetamercadopago.com.mx,FALSE,,,,,,
elbuencampo.com,FALSE,,,,,,
nuevaimagendehidalgo.com.mx,FALSE,,,,,,
mitotalplay.com.mx,FALSE,,,,,,
la-prensa.com.mx,FALSE,,,,,,
mitofago.com.mx,FALSE,,,,,,
anunciosya.com.mx,FALSE,,,,,,
peques.com.mx,FALSE,,,,,,
sendaexpress.com.mx,FALSE,,,,,,
elviajerofisgon.mx,FALSE,,,,,,
dkora.mx,FALSE,,,,,,
juegos-cars.com,FALSE,,,,,,
generadormemes.com,FALSE,,,,,,
donpancho.com.mx,FALSE,,,,,,
hunterdouglas.com.mx,FALSE,,,,,,
loscoloresdelanoviolencia.com,FALSE,,,,,,
open.com.mx,FALSE,,,,,,
veycompara.com,FALSE,,,,,,
tecnocasa.com.mx,FALSE,,,,,,
contaqtame.com.mx,FALSE,,,,,,
todoconta.com,FALSE,,,,,,
cursosnet.com.mx,FALSE,,,,,,
aulaclick.com,FALSE,,,,,,
sparp.com.mx,FALSE,,,,,,
pmcanal5.com,FALSE,,,,,,
e-tsw.com.mx,FALSE,,,,,,
marival.com.mx,FALSE,,,,,,
facturacion-tony.com.mx,FALSE,,,,,,
partidodeltrabajo.org.mx,FALSE,,,,,,
elgeiser.com.mx,FALSE,,,,,,
inmueblesbanorte.com.mx,FALSE,,,,,,
goalfactory.mx,FALSE,,,,,,
nervion.com.mx,FALSE,,,,,,
latarde.com.mx,FALSE,,,,,,
lajornadadeoriente.com.mx,FALSE,,,,,,
fiscalistas.mx,FALSE,,,,,,
grupotampico.com,FALSE,,,,,,
xfacturacion.mx,FALSE,,,,,,
bisnet.com.mx,FALSE,,,,,,
clickfactura.mx,FALSE,,,,,,
sociosdf.com,FALSE,,,,,,
uovirtual.com.mx,FALSE,,,,,,
posibilidades.com.mx,FALSE,,,,,,
sokrostream.com,FALSE,,,,,,
clubdeganadores.com.mx,FALSE,,,,,,
enlamira.com.mx,FALSE,,,,,,
977.mx,FALSE,,,,,,
claro.com,FALSE,,,,,,
comercioyaduanas.com.mx,FALSE,,,,,,
scanda.com.mx,FALSE,,,,,,
praxair.com.mx,FALSE,,,,,,
institutooxford.com.mx,FALSE,,,,,,
ticketmania.mx,FALSE,,,,,,
educal.com.mx,FALSE,,,,,,
solucionesasi.com.mx,FALSE,,,,,,
periodicoabc.mx,FALSE,,,,,,
autobodymagazine.com.mx,FALSE,,,,,,
avis.mx,FALSE,,,,,,
elgaleon.com.mx,FALSE,,,,,,
financierasumate.com.mx,FALSE,,,,,,
ctsmex.com.mx,FALSE,,,,,,
notarios.com.mx,FALSE,,,,,,
vde.com.mx,FALSE,,,,,,
hoyestado.com,FALSE,,,,,,
supercity.com.mx,FALSE,,,,,,
primerahora.com.mx,FALSE,,,,,,
m4tel.com,FALSE,,,,,,
cinepolisindia.com,FALSE,,,,,,
uvp.com.mx,FALSE,,,,,,
nissanseminuevosgarantizados.mx,FALSE,,,,,,
grupovelas.com.mx,FALSE,,,,,,
doctuo.com.mx,FALSE,,,,,,
rompecabezas.tv,FALSE,,,,,,
iberostar.com.mx,FALSE,,,,,,
papelzaragoza.com.mx,FALSE,,,,,,
diarioacayucan.com,FALSE,,,,,,
memoriapoliticademexico.org,FALSE,,,,,,
justo-sierra.com.mx,FALSE,,,,,,
pulsoindustrial.com,FALSE,,,,,,
miguelangel.mx,FALSE,,,,,,
cristalum.com.mx,FALSE,,,,,,
rewards.com.mx,FALSE,,,,,,
materialeselcentenario.mx,FALSE,,,,,,
codes-sas.com.mx,FALSE,,,,,,
dcigroupmexico.com.mx,FALSE,,,,,,
solucionesdigitales.com.mx,FALSE,,,,,,
udo.mx,FALSE,,,,,,
ith.mx,FALSE,,,,,,
conautoford.com.mx,FALSE,,,,,,
voragolive.com,FALSE,,,,,,
lalinea.com.mx,FALSE,,,,,,
delirioamateurmx.com,FALSE,,,,,,
farmaciasdelnino.mx,FALSE,,,,,,
tvazteca.com,FALSE,,,,,,
istra-ips.com.mx,FALSE,,,,,,
consupago.com,FALSE,,,,,,
bridgestone.com.mx,FALSE,,,,,,
cuprum.com,FALSE,,,,,,
programadelfin.com.mx,FALSE,,,,,,
zonayoo.com,FALSE,,,,,,
facture.com.mx,FALSE,,,,,,
chilis.com.mx,FALSE,,,,,,
autosbanorte.com.mx,FALSE,,,,,,
distribuidoradisur.com.mx,FALSE,,,,,,
oaxaca-mio.com,FALSE,,,,,,
mexicoleaks.mx,FALSE,,,,,,
macstoreonline.com.mx,FALSE,,,,,,
scme.com.mx,FALSE,,,,,,
recetas-mexicanas.com.mx,FALSE,,,,,,
dresen.com.mx,FALSE,,,,,,
appsaudi.mx,FALSE,,,,,,
quetalvirtual.com,FALSE,,,,,,
cubosrubikmx.com,FALSE,,,,,,
diputadospan.org.mx,FALSE,,,,,,
procemec.com.mx,FALSE,,,,,,
sherwin.com.mx,FALSE,,,,,,
nexos.com.mx,FALSE,,,,,,
intercable.net,FALSE,,,,,,
impulsat.mx,FALSE,,,,,,
innsz.mx,FALSE,,,,,,
vips.com.mx,FALSE,,,,,,
mexicoenrenta.com.mx,FALSE,,,,,,
elorbe.com,FALSE,,,,,,
juegosbancarios.org.mx,FALSE,,,,,,
allposters.com.mx,FALSE,,,,,,
twingo.com.mx,FALSE,,,,,,
futbol40.com,FALSE,,,,,,
salonesvirtuales.com,FALSE,,,,,,
heroesmu.com,FALSE,,,,,,
timsamx.com,FALSE,,,,,,
procomlcd.mx,FALSE,,,,,,
axainforma.com,FALSE,,,,,,
gasomatic.com.mx,FALSE,,,,,,
rencoahuila.com.mx,FALSE,,,,,,
iplace.net,FALSE,,,,,,
sicrea.com.mx,FALSE,,,,,,
elheroico.mx,FALSE,,,,,,
elsiglo.mx,FALSE,,,,,,
comego.org.mx,FALSE,,,,,,
vpm.com.mx,FALSE,,,,,,
bienesonline.mx,FALSE,,,,,,
ideasdemanualidades.com,FALSE,,,,,,
lasalle.mx,FALSE,,,,,,
femsa.com.mx,FALSE,,,,,,
tersa.com.mx,FALSE,,,,,,
ance.org.mx,FALSE,,,,,,
scami.mx,FALSE,,,,,,
pginvoice.com,FALSE,,,,,,
facmail.mx,FALSE,,,,,,
frecuenciamexico.com,FALSE,,,,,,
noticiasdequeretaro.com.mx,FALSE,,,,,,
hierbasorganicas.com.mx,FALSE,,,,,,
bbmundo.com,FALSE,,,,,,
sumavisos.com.mx,FALSE,,,,,,
abastecedor.com.mx,FALSE,,,,,,
villamia.mx,FALSE,,,,,,
laboral.com.mx,FALSE,,,,,,
elsur.mx,FALSE,,,,,,
007.mx,FALSE,,,,,,
100ideasparaemprender.com,FALSE,,,,,,
xvideoz.com.mx,FALSE,,,,,,
univadis.mx,FALSE,,,,,,
troquer.com.mx,FALSE,,,,,,
gol.am,FALSE,,,,,,
rfcs.com.mx,FALSE,,,,,,
scotiabankinverlat.com,FALSE,,,,,,
ganon.com.mx,FALSE,,,,,,
aulavirtual-sgp.com,FALSE,,,,,,
aeroflash.com.mx,FALSE,,,,,,
mejortrato.com.mx,FALSE,,,,,,
seccion22.org.mx,FALSE,,,,,,
seminuevosymas.com,FALSE,,,,,,
costaline.com.mx,FALSE,,,,,,
kof.com.mx,FALSE,,,,,,
transuniondecisioncentre.com.mx,FALSE,,,,,,
programaganadores.com.mx,FALSE,,,,,,
realestatemarket.com.mx,FALSE,,,,,,
bodegasalianza.com,FALSE,,,,,,
nayel.mx,FALSE,,,,,,
tierrayucatan.com,FALSE,,,,,,
webcom.com.mx,FALSE,,,,,,
pirma.com.mx,FALSE,,,,,,
fuerzamonarca.com,FALSE,,,,,,
udlondres.com,FALSE,,,,,,
carrerasenlinea.mx,FALSE,,,,,,
arema.com.mx,FALSE,,,,,,
valledelasflores.mx,FALSE,,,,,,
nortedigital.mx,FALSE,,,,,,
ucacsa.com.mx,FALSE,,,,,,
hobvid.com,FALSE,,,,,,
negocius.com.mx,FALSE,,,,,,
puntosinfin.com,FALSE,,,,,,
gvamundial.com.mx,FALSE,,,,,,
automovilonline.com.mx,FALSE,,,,,,
reddinconsultants.com,FALSE,,,,,,
transparenciamorelos.mx,FALSE,,,,,,
dadaroom.com,FALSE,,,,,,
elrollo.com.mx,FALSE,,,,,,
autovia.com.mx,FALSE,,,,,,
herramental.com.mx,FALSE,,,,,,
examendeadmision.com.mx,FALSE,,,,,,
pirlotv.mx,FALSE,,,,,,
gmodelo.mx,FALSE,,,,,,
chenson.com.mx,FALSE,,,,,,
pastelesbekko.com.mx,FALSE,,,,,,
fianzasmonterrey.com.mx,FALSE,,,,,,
skiny.com.mx,FALSE,,,,,,
m-x.com.mx,FALSE,,,,,,
carone.com.mx,FALSE,,,,,,
monederodelahorro.com.mx,FALSE,,,,,,
elgraficotam.com.mx,FALSE,,,,,,
aisg.com.mx,FALSE,,,,,,
theos.com.mx,FALSE,,,,,,
bcdtravelmexico.com.mx,FALSE,,,,,,
diabetesbienestarysalud.com,FALSE,,,,,,
marquesinapolitica.com,FALSE,,,,,,
colef.mx,FALSE,,,,,,
icave.com.mx,FALSE,,,,,,
ccpn.mx,FALSE,,,,,,
bolsamexicanadetrabajo.com,FALSE,,,,,,
bcsnoticias.mx,FALSE,,,,,,
uas.mx,FALSE,,,,,,
informabtl.com,FALSE,,,,,,
quierocasa.com.mx,FALSE,,,,,,
noryan.mx,FALSE,,,,,,
goempleos.mx,FALSE,,,,,,
pits.com.mx,FALSE,,,,,,
vitrocanceles.com.mx,FALSE,,,,,,
virtualmobiletechnologies.com.mx,FALSE,,,,,,
autoasesor.com,FALSE,,,,,,
wiju.mx,FALSE,,,,,,
mundoejecutivoexpress.mx,FALSE,,,,,,
facturacionek.com.mx,FALSE,,,,,,
internetv.tv,FALSE,,,,,,
megasur.com.mx,FALSE,,,,,,
elle.mx,FALSE,,,,,,
ngkntk.com.mx,FALSE,,,,,,
jennyfer.com.mx,FALSE,,,,,,
autocosmos.com,FALSE,,,,,,
topvideosdeincesto.com,FALSE,,,,,,
elglobo.com.mx,FALSE,,,,,,
nestle.com.mx,FALSE,,,,,,
neodata.mx,FALSE,,,,,,
mencalada.com.mx,FALSE,,,,,,
retirum.com.mx,FALSE,,,,,,
cbtelevision.com.mx,FALSE,,,,,,
sharp.com.mx,FALSE,,,,,,
voyaldoc.com,FALSE,,,,,,
bmb.mx,FALSE,,,,,,
zegucom.com.mx,FALSE,,,,,,
onirics.com.mx,FALSE,,,,,,
tenenciadf.com.mx,FALSE,,,,,,
logis.com.mx,FALSE,,,,,,
royalcaribbeancruceros.mx,FALSE,,,,,,
boletea.com.mx,FALSE,,,,,,
revoluciontrespuntocero.com,FALSE,,,,,,
axafacil.com.mx,FALSE,,,,,,
ecovale.com.mx,FALSE,,,,,,
luciabotin.mx,FALSE,,,,,,
anumex.com.mx,FALSE,,,,,,
segurosmultiva.com.mx,FALSE,,,,,,
teia.com.mx,FALSE,,,,,,
trazaturuta.mx,FALSE,,,,,,
acura.mx,FALSE,,,,,,
unison.mx,FALSE,,,,,,
e-auto.com.mx,FALSE,,,,,,
ubicatubus.com.mx,FALSE,,,,,,
apoyoeconomico.com.mx,FALSE,,,,,,
purobeisbol.mx,FALSE,,,,,,
glix.mx,FALSE,,,,,,
trotime.com.mx,FALSE,,,,,,
rsmfacturas.com,FALSE,,,,,,
andale.mx,FALSE,,,,,,
ilocator.com.mx,FALSE,,,,,,
autocosmos.com.co,FALSE,,,,,,
b-enlinea.com,FALSE,,,,,,
praxis.com.mx,FALSE,,,,,,
grupoformula.com.mx,FALSE,,,,,,
grupozeta.com,FALSE,,,,,,
bajaferries.com.mx,FALSE,,,,,,
microlab.mx,FALSE,,,,,,
diariodepozarica.com.mx,FALSE,,,,,,
sistemaceuni.mx,FALSE,,,,,,
mexicoindustry.com.mx,FALSE,,,,,,
partesautomotrices.com.mx,FALSE,,,,,,
betterware.com.mx,FALSE,,,,,,
alaescuela.com.mx,FALSE,,,,,,
telcelequipos.com.mx,FALSE,,,,,,
ragazzafashion.com.mx,FALSE,,,,,,
jornada.com.mx,FALSE,,,,,,
remo.com.mx,FALSE,,,,,,
cmll.com,FALSE,,,,,,
practicafiscal.com.mx,FALSE,,,,,,
ipab.org.mx,FALSE,,,,,,
membresiavitamedica.com.mx,FALSE,,,,,,
recargamas.com.mx,FALSE,,,,,,
idrh.mx,FALSE,,,,,,
boxito.com.mx,FALSE,,,,,,
mexicoescultura.com,FALSE,,,,,,
santandertwist.com.mx,FALSE,,,,,,
pro-agro.com.mx,FALSE,,,,,,
juegoseducativos.com.mx,FALSE,,,,,,
moteles.com.mx,FALSE,,,,,,
discapacidadyempleo.com.mx,FALSE,,,,,,
contino.com.mx,FALSE,,,,,,
lamosa.com,FALSE,,,,,,
almomento.mx,FALSE,,,,,,
servidor3.net,FALSE,,,,,,
subireleon.mx,FALSE,,,,,,
solochilpo.com,FALSE,,,,,,
juegosderosita.com,FALSE,,,,,,
dabo.com.mx,FALSE,,,,,,
supplementsplanet.com.mx,FALSE,,,,,,
latinrisk.com.mx,FALSE,,,,,,
chartisinsurance.com.mx,FALSE,,,,,,
tnterecarga.com,FALSE,,,,,,
marcosymarcos.com.mx,FALSE,,,,,,
radiocentro1030.mx,FALSE,,,,,,
municipiospuebla.com.mx,FALSE,,,,,,
ufd.mx,FALSE,,,,,,
tecnologiatmm.com.mx,FALSE,,,,,,
romastudio.mx,FALSE,,,,,,
gastro.org.mx,FALSE,,,,,,
vendofacil.mx,FALSE,,,,,,
prodan.org.mx,FALSE,,,,,,
enfarma.com.mx,FALSE,,,,,,
viajeypunto.com.mx,FALSE,,,,,,
merrell.com.mx,FALSE,,,,,,
guiadelcentrohistorico.mx,FALSE,,,,,,
digitallpost.mx,FALSE,,,,,,
aim-net.mx,FALSE,,,,,,
todocfdi.com.mx,FALSE,,,,,,
delatierra.com.mx,FALSE,,,,,,
acomee.com.mx,FALSE,,,,,,
papalote.org.mx,FALSE,,,,,,
javer.com.mx,FALSE,,,,,,
siteinfo.mx,FALSE,,,,,,
suplementosmexico.com.mx,FALSE,,,,,,
longview.com.mx,FALSE,,,,,,
realresorts.com.mx,FALSE,,,,,,
misrecompensas.mx,FALSE,,,,,,
pueblosmexico.com.mx,FALSE,,,,,,
mega-co.in,FALSE,,,,,,
playa.com.mx,FALSE,,,,,,
anglo.mx,FALSE,,,,,,
foroconsultivo.org.mx,FALSE,,,,,,
fitnessexpress.com.mx,FALSE,,,,,,
divendo.mx,FALSE,,,,,,
confirmare.com.mx,FALSE,,,,,,
safedata.mx,FALSE,,,,,,
gruporuba.com.mx,FALSE,,,,,,
traficozmg.com,FALSE,,,,,,
unioportunidades.com.mx,FALSE,,,,,,
upctechnologies.com,FALSE,,,,,,
mexicomaxico.org,FALSE,,,,,,
facturacionlib-tol.com.mx,FALSE,,,,,,
magnicharters.com.mx,FALSE,,,,,,
cotizamatico.com.mx,FALSE,,,,,,
prowebsys.com.mx,FALSE,,,,,,
petsy.mx,FALSE,,,,,,
preciosdematerialesdeconstruccion.com.mx,FALSE,,,,,,
eldiariodedelicias.com.mx,FALSE,,,,,,
infoem.org.mx,FALSE,,,,,,
8columnas.com.mx,FALSE,,,,,,
fide.org.mx,FALSE,,,,,,
sifei.com.mx,FALSE,,,,,,
sined.mx,FALSE,,,,,,
centroscomunitariosdeaprendizaje.org.mx,FALSE,,,,,,
runsa.com.mx,FALSE,,,,,,
tephe.com.mx,FALSE,,,,,,
mexico-radio.com,FALSE,,,,,,
gacetadeinformacion.com.mx,FALSE,,,,,,
elfarodelacostachica.com,FALSE,,,,,,
elclima.com.mx,FALSE,,,,,,
recuerdosboda.mx,FALSE,,,,,,
trespesoslosgallos.com.mx,FALSE,,,,,,
horariosytarifasdeautobuses.com,FALSE,,,,,,
asipensamos.com,FALSE,,,,,,
random-interactive.com,FALSE,,,,,,
viajespalacio.com.mx,FALSE,,,,,,
linguee.mx,FALSE,,,,,,
innovaxmexico.com.mx,FALSE,,,,,,
petroil.com.mx,FALSE,,,,,,
servicedesk.com.mx,FALSE,,,,,,
servicesenterprise.com,FALSE,,,,,,
magni.com.mx,FALSE,,,,,,
stereocien.com.mx,FALSE,,,,,,
miljuegosdechicas.com,FALSE,,,,,,
puertodeveracruz.com.mx,FALSE,,,,,,
aphem.com.mx,FALSE,,,,,,
ducati.com.mx,FALSE,,,,,,
beraka.com.mx,FALSE,,,,,,
facturaciontep-mz.com.mx,FALSE,,,,,,
copem.mx,FALSE,,,,,,
maedacorpmexico.com.mx,FALSE,,,,,,
cinemagic.com.mx,FALSE,,,,,,
scpakarmx.com,FALSE,,,,,,
magg.com.mx,FALSE,,,,,,
servicios01800.com.mx,FALSE,,,,,,
adt.com.mx,FALSE,,,,,,
sallita.net,FALSE,,,,,,
oaxaca.travel,FALSE,,,,,,
academia.org.mx,FALSE,,,,,,
rsvponline.mx,FALSE,,,,,,
lahidalgo.com.mx,FALSE,,,,,,
sushi-itto.com.mx,FALSE,,,,,,
intranetgrupodanone.mx,FALSE,,,,,,
macmillan.mx,FALSE,,,,,,
aval.com.mx,FALSE,,,,,,
maskota.com.mx,FALSE,,,,,,
copeems.mx,FALSE,,,,,,
fiscoclic.mx,FALSE,,,,,,
yas.com.mx,FALSE,,,,,,
zooguadalajara.com.mx,FALSE,,,,,,
bnmxpromociones.com,FALSE,,,,,,
berel.com.mx,FALSE,,,,,,
expopyme.com.mx,FALSE,,,,,,
estafeta.com.mx,FALSE,,,,,,
lmsmexico.com.mx,FALSE,,,,,,
ecopipo.com,FALSE,,,,,,
siempre889.com,FALSE,,,,,,
latienditade3pesos.com,FALSE,,,,,,
kener.com.mx,FALSE,,,,,,
diccionariojuridico.mx,FALSE,,,,,,
calderon.com.mx,FALSE,,,,,,
infodf.org.mx,FALSE,,,,,,
plantas-purificadoras-de-aguas.com.mx,FALSE,,,,,,
jam.com.mx,FALSE,,,,,,
satxpress.com.mx,FALSE,,,,,,
sinersystech.com,FALSE,,,,,,
ceramat.com.mx,FALSE,,,,,,
tbs.mx,FALSE,,,,,,
proveedoresgruma.com,FALSE,,,,,,
ahisa.com.mx,FALSE,,,,,,
ia.com.mx,FALSE,,,,,,
lajornadamichoacan.com.mx,FALSE,,,,,,
mupro.com.mx,FALSE,,,,,,
bioparquemexico.mx,FALSE,,,,,,
carabela.com.mx,FALSE,,,,,,
facturaciongdl-tep.com.mx,FALSE,,,,,,
carmaster.mx,FALSE,,,,,,
cln.com.mx,FALSE,,,,,,
compraenmabe.com,FALSE,,,,,,
prudentialseguros.com.mx,FALSE,,,,,,
taesureste.com,FALSE,,,,,,
vanity.com.mx,FALSE,,,,,,
marykaymx.com,FALSE,,,,,,
sodexoclub.com.mx,FALSE,,,,,,
revistacentral.mx,FALSE,,,,,,
salonesparaeventos.com.mx,FALSE,,,,,,
chrono24.mx,FALSE,,,,,,
iprocess.mx,FALSE,,,,,,
crediamigo.com.mx,FALSE,,,,,,
grupoafost.com.mx,FALSE,,,,,,
invdes.com.mx,FALSE,,,,,,
hannainst.com.mx,FALSE,,,,,,
casadeoracionmexico.com,FALSE,,,,,,
viadf.com.mx,FALSE,,,,,,
mpasis.com.mx,FALSE,,,,,,
evangelizafuerte.com.mx,FALSE,,,,,,
luchalibreaaa.com.mx,FALSE,,,,,,
playsimo.com,FALSE,,,,,,
epdemexico.com,FALSE,,,,,,
azdiario.mx,FALSE,,,,,,
desc.com.mx,FALSE,,,,,,
hagalo.com.mx,FALSE,,,,,,
mxv.mx,FALSE,,,,,,
amqueretaro.com,FALSE,,,,,,
esteroides.com.mx,FALSE,,,,,,
touareg.mx,FALSE,,,,,,
maxigasnatural.com.mx,FALSE,,,,,,
mailix.mx,FALSE,,,,,,
cable.mx,FALSE,,,,,,
almacenessanpedro.com.mx,FALSE,,,,,,
bodegasyterrenos.com.mx,FALSE,,,,,,
finamex.com.mx,FALSE,,,,,,
interfragua.com.mx,FALSE,,,,,,
lorealdeguerrero.com.mx,FALSE,,,,,,
bjdh.org.mx,FALSE,,,,,,
revistasmexico.net,FALSE,,,,,,
gswas.com.mx,FALSE,,,,,,
royal-holiday.net,FALSE,,,,,,
medicasur.org.mx,FALSE,,,,,,
bajionet.com.mx,FALSE,,,,,,
btech.com.mx,FALSE,,,,,,
ferplatino1.com.mx,FALSE,,,,,,
mbgsistema.com.mx,FALSE,,,,,,
nutricionextrema.com,FALSE,,,,,,
reporteroshoy.mx,FALSE,,,,,,
mexicolindoyquerido.com.mx,FALSE,,,,,,
olab.com.mx,FALSE,,,,,,
academiadeingenieriademexico.mx,FALSE,,,,,,
bticino.com.mx,FALSE,,,,,,
elempresario.mx,FALSE,,,,,,
cofocalec.org.mx,FALSE,,,,,,
mrs-mexico.org.mx,FALSE,,,,,,
iesp.mx,FALSE,,,,,,
formatoselectronicos.mx,FALSE,,,,,,
countier.com.mx,FALSE,,,,,,
pumas.mx,FALSE,,,,,,
seguroautosmapfre.com.mx,FALSE,,,,,,
educacionadistanciasnte.com,FALSE,,,,,,
gbmfondos.com.mx,FALSE,,,,,,
hsj.com.mx,FALSE,,,,,,
dondehaymisa.com,FALSE,,,,,,
estafetamembers.com,FALSE,,,,,,
carflex.com.mx,FALSE,,,,,,
renaultsf.com.mx,FALSE,,,,,,
ccontrol.com.mx,FALSE,,,,,,
elcidresorts.com.mx,FALSE,,,,,,
ucc.mx,FALSE,,,,,,
pronovias.com.mx,FALSE,,,,,,
mikiosko.mx,FALSE,,,,,,
inaoep.mx,FALSE,,,,,,
toshibamexico.com.mx,FALSE,,,,,,
perugia.mx,FALSE,,,,,,
bsn.com.mx,FALSE,,,,,,
despeguemos.com.mx,FALSE,,,,,,
impressline.com.mx,FALSE,,,,,,
plazadearmas.com.mx,FALSE,,,,,,
abm.org.mx,FALSE,,,,,,
abastecedora.com,FALSE,,,,,,
sacom.mx,FALSE,,,,,,
tuperro.com.mx,FALSE,,,,,,
misrecibos.com.mx,FALSE,,,,,,
recibodigital.mx,FALSE,,,,,,
bursatron.com.mx,FALSE,,,,,,
anahuacmayab.mx,FALSE,,,,,,
uabcs.mx,FALSE,,,,,,
toyotafinanciamiento.com.mx,FALSE,,,,,,
profesoresenred.com.mx,FALSE,,,,,,
eldiariodevictoria.com.mx,FALSE,,,,,,
pendejas.mx,FALSE,,,,,,
desmotivaciones.mx,FALSE,,,,,,
chihuahuenses.com.mx,FALSE,,,,,,
agustinos.mx,FALSE,,,,,,
empleosvw.com.mx,FALSE,,,,,,
cajas.com.mx,FALSE,,,,,,
pensamientos.com.mx,FALSE,,,,,,
casamarcus.net,FALSE,,,,,,
credito.com.mx,FALSE,,,,,,
cmzh.com.mx,FALSE,,,,,,
uvp.mx,FALSE,,,,,,
arconorte.com.mx,FALSE,,,,,,
lth.com.mx,FALSE,,,,,,
tarjetavolaris-invex.com,FALSE,,,,,,
tlajomulcoabc.com.mx,FALSE,,,,,,
pmsteele.com.mx,FALSE,,,,,,
tierrafertil.com.mx,FALSE,,,,,,
emedios.com.mx,FALSE,,,,,,
delsol.com.mx,FALSE,,,,,,
hondaplaza.com.mx,FALSE,,,,,,
autolineasvillarreal.com.mx,FALSE,,,,,,
aranet.com.mx,FALSE,,,,,,
cydsa-e.com.mx,FALSE,,,,,,
tiendavenus.com,FALSE,,,,,,
lasrecetasdelaabuela.com,FALSE,,,,,,
fenixtpv.com,FALSE,,,,,,
portalautomotriz.com,FALSE,,,,,,
sportcar.com,FALSE,,,,,,
tvofertas.tv,FALSE,,,,,,
tecozautla.com.mx,FALSE,,,,,,
oronoticias.com.mx,FALSE,,,,,,
teed.com.mx,FALSE,,,,,,
xperienciasxcaret.mx,FALSE,,,,,,
urban360.com.mx,FALSE,,,,,,
tifosi.com.mx,FALSE,,,,,,
strm.net,FALSE,,,,,,
grupoherdez.com.mx,FALSE,,,,,,
opinionesvaloradas.com.mx,FALSE,,,,,,
digitalfactura.com,FALSE,,,,,,
casaverde.com.mx,FALSE,,,,,,
dbservices.com.mx,FALSE,,,,,,
arabela.com.mx,FALSE,,,,,,
buscandocasa.com.mx,FALSE,,,,,,
ruba.com.mx,FALSE,,,,,,
tusboletos.mx,FALSE,,,,,,
amor.com.mx,FALSE,,,,,,
fidex.com.mx,FALSE,,,,,,
juliandeobregon.com.mx,FALSE,,,,,,
cofece.mx,FALSE,,,,,,
psicoweb.com.mx,FALSE,,,,,,
ales.mx,FALSE,,,,,,
metalsa.com.mx,FALSE,,,,,,
consubanco.com,FALSE,,,,,,
sistematec.mx,FALSE,,,,,,
pastelerialety.com,FALSE,,,,,,
fiderh.org.mx,FALSE,,,,,,
intcomex.com.mx,FALSE,,,,,,
balneariosdeaguastermales.com.mx,FALSE,,,,,,
joyeriasbizzarro.com,FALSE,,,,,,
bessonseguros.com,FALSE,,,,,,
hircasa.com,FALSE,,,,,,
xochitla.org.mx,FALSE,,,,,,
concesionariabicentenario.com.mx,FALSE,,,,,,
pasteleriasmarisa.com.mx,FALSE,,,,,,
femaza.com.mx,FALSE,,,,,,
ferialibromineria.mx,FALSE,,,,,,
thoy.mx,FALSE,,,,,,
educaweb.mx,FALSE,,,,,,
fexelite.com,FALSE,,,,,,
vivebarbie.com,FALSE,,,,,,
soler-palau.mx,FALSE,,,,,,
cymisa.com.mx,FALSE,,,,,,
puertatexcoco.mx,FALSE,,,,,,
studio74.com.mx,FALSE,,,,,,
moritzu.com.mx,FALSE,,,,,,
fafhoorecargado.com,FALSE,,,,,,
eluniversalqueretaro.mx,FALSE,,,,,,
umel.mx,FALSE,,,,,,
adelantecontufuturo.com.mx,FALSE,,,,,,
powerade.com.mx,FALSE,,,,,,
educacionweb.mx,FALSE,,,,,,
familiaytu.com,FALSE,,,,,,
rolcar.com.mx,FALSE,,,,,,
palenqueferiadelcaballo.com.mx,FALSE,,,,,,
cohete.mx,FALSE,,,,,,
elmundodeportivo.com.mx,FALSE,,,,,,
provident.com.mx,FALSE,,,,,,
compudabo.com.mx,FALSE,,,,,,
conocimientosweb.net,FALSE,,,,,,
poblanerias.com,FALSE,,,,,,
infored.mx,FALSE,,,,,,
cocinavital.mx,FALSE,,,,,,
quintareal.com,FALSE,,,,,,
casasvacacionales.com.mx,FALSE,,,,,,
microclick.com.mx,FALSE,,,,,,
fcm.mx,FALSE,,,,,,
estrelladeoro.com.mx,FALSE,,,,,,
autosusadosenmexico.com.mx,FALSE,,,,,,
elporvenir.com.mx,FALSE,,,,,,
mazatlanculiacan.com.mx,FALSE,,,,,,
rnm.mx,FALSE,,,,,,
kumon.com.mx,FALSE,,,,,,
venfido.com.mx,FALSE,,,,,,
factupronto.com,FALSE,,,,,,
canal22.org.mx,FALSE,,,,,,
hogares-sm.com.mx,FALSE,,,,,,
casamontoya.com.mx,FALSE,,,,,,
nissansubastas.mx,FALSE,,,,,,
nelamoxtli.com,FALSE,,,,,,
segurointeligente.mx,FALSE,,,,,,
maxima-distincionetnturistar.com.mx,FALSE,,,,,,
colegiofgs.com.mx,FALSE,,,,,,
ceepacslp.org.mx,FALSE,,,,,,
grupored.com.mx,FALSE,,,,,,
generaldeseguros.mx,FALSE,,,,,,
grupocoel.com.mx,FALSE,,,,,,
tequilaexpress.com.mx,FALSE,,,,,,
valoran.mx,FALSE,,,,,,
heraldo.mx,FALSE,,,,,,
alaufe.com.mx,FALSE,,,,,,
elmaraton.mx,FALSE,,,,,,
intellia.com.mx,FALSE,,,,,,
kingdomlikes.com,FALSE,,,,,,
cemex.co.uk,FALSE,,,,,,
pueblobonito.com.mx,FALSE,,,,,,
amedirh.com.mx,FALSE,,,,,,
roto.mx,FALSE,,,,,,
7boom.mx,FALSE,,,,,,
expresocampeche.com,FALSE,,,,,,
efectifactura.com.mx,FALSE,,,,,,
pequepuzzle.com,FALSE,,,,,,
ekomercio.net,FALSE,,,,,,
ipomex.org.mx,FALSE,,,,,,
info7.com.mx,FALSE,,,,,,
fahorro.com,FALSE,,,,,,
chicmagazine.com.mx,FALSE,,,,,,
sterenshop.com.mx,FALSE,,,,,,
hbhandbags.com.mx,FALSE,,,,,,
girasolsur.com.mx,FALSE,,,,,,
aula24.mx,FALSE,,,,,,
helpdeskga.com.mx,FALSE,,,,,,
uniformesparaedecanes.com.mx,FALSE,,,,,,
didacticosjml.com.mx,FALSE,,,,,,
cyberkidz.mx,FALSE,,,,,,
dagal.com.mx,FALSE,,,,,,
herralum.com.mx,FALSE,,,,,,
pixeledhotel.us,FALSE,,,,,,
dqr.com.mx,FALSE,,,,,,
autosaccidentadoslobato.com,FALSE,,,,,,
dofiscal.net,FALSE,,,,,,
